23040 42850 кольца поршневые porter ypr korea,11
5 сил портера ооо лента,5
ama porter насосы,46
hyundai porter 1 кабина,7
hyundai porter 2 передний редуктор,7
hyundai porter h100 глушитель,5
hyundai porter аккумулятор,114
hyundai porter двери,57
hyundai porter двигатель d4bf,21
hyundai porter задние рессоры,17
hyundai porter задние фонари,30
hyundai porter кабина,57
hyundai porter колеса,67
hyundai porter кузов,77
hyundai porter масло,123
hyundai porter масляный фильтр,48
hyundai porter предохранители,74
hyundai porter радиатор,63
hyundai porter салон,37
hyundai porter сиденья,17
hyundai porter стартер,70
hyundai porter тормозные колодки,15
hyundai porter шины,115
hyundai двигатель porter 2,51
porter блок цилиндров,14
porter блоки,83
porter глушитель,20
porter масло,187
porter распредвал,39
porter рессора,88
porter руль,29
porter салон,58
porters двери,130
авто ру москва хендай портер двигатель бу,14
акб на портер,118
акб на портер 1,50
акб на хендай портер,37
акб на хендай портер 1,12
акб портер 1 тагаз,15
акб портер 2,55
акб хундай портер,17
аккумулятор hyundai porter 1,36
аккумулятор porter,149
аккумулятор porter 1,43
аккумулятор на портер,633
аккумулятор на портер 1,318
аккумулятор на портер 1 купить новый,10
аккумулятор на портер 2,86
аккумулятор на хендай портер,261
аккумулятор на хендай портер 1,120
аккумулятор на хендай портер 2,49
аккумулятор портер тагаз,34
аккумулятор хундай портер,27
актуатор турбины портер 1,21
амортизатор задний porter 1,9
амортизатор задний портер 1,51
амортизатор задний портер тагаз,7
амортизатор задний хендай портер,38
амортизатор передний портер,78
амортизатор передний портер 1,42
амортизатор портер,299
амортизатор портер задний,93
амортизатор хендай портер,97
амортизаторы портер 1,171
амортизаторы портер 2,22
амортизаторы портер тагаз,27
амортизаторы хендай портер 1,56
б у двери на портер,10
б у двигатели портер,43
б у тнвд портер,14
бак портер 1,195
бак портер 2,144
бак портера,600
бак хендай портер,214
балансировочный вал портер,93
балансировочный вал портер 1,46
балансировочный ремень портер,46
балка хендай портер иркутск,9
бампер hyundai porter,24
бампер porter,31
бампер на портер 2 бу,13
бампер передний хендай портер 1,33
бампер портер 1,193
бампер портер 1 бу,34
бампер портер 2,169
бампер портер 2 купить,47
бампер портера,455
бампер хендай портер,174
бампер хендай портер 1,74
бампер хендай портер 1 бу купить,8
бампер хендай портер 2,57
барабан задний портер 1,25
барабан задний портер 2,40
барабан портер 1,76
барабан портер 2,85
барабан портер тагаз,27
барабан тормозной задний на портер 2,14
барабан тормозной портер 2,45
бачок антифриза портер 1,13
бачок омывателя портер,102
бачок омывателя портер 1,41
бачок сцепления хендай портер 2,6
бачок тормозной жидкости портер,54
бачок тормозной жидкости портер 1,19
бендикс портер,67
бендикс портер 1,19
бендикс портер 2,38
бендикс стартера портер,24
ближний свет на портере,67
блок двигателя портер,54
блок двигателя портер 1,22
блок на хендай портер,83
блок на хендай портер 1,44
блок портер 1,428
блок предохранителей hyundai porter,15
блок предохранителей porter,25
блок предохранителей портер,306
блок предохранителей портер 1,152
блок предохранителей портер 1 тагаз,17
блок предохранителей портер тагаз,20
блок предохранителей хендай портер 1,43
блок предохранителей хендай портер 2,25
блок силовых предохранителей портер 1,17
блок управления портер,113
блок управления свечами накаливания портер 2,15
блок цилиндров портер,148
блок цилиндров портер 1,77
блок цилиндров портер 1 бу цена,5
блок цилиндров портер 1 купить,8
блок цилиндров хендай портер 1,23
блоки портер,944
боковое зеркало хендай портер,31
боковое стекло hyundai porter 2,21
боковое стекло на hyundai porter,20
боковое стекло портер,42
боковое стекло хендай портер,16
боковые зеркала портер,74
боковые зеркала портер 1,39
болт гбц портер,48
болт гбц портер 1,16
болт генератора портер 1,18
болт рессоры портер,15
болты генератора портер,39
болты для портера,22
бортовой кузов на портер,10
брызговик портер,39
бу бампер на портер,22
бу генератор портер 1,29
бу дверь портер,41
бу двигатель портер,120
бу двигатель портер 1,54
бу диски на портер,77
бу передняя крышка от движок портер 1,5
бу тнвд портер 1 цена москве,7
вакуум усилителя тормозов портер 1,7
вакуумный насос портер,156
вакуумный насос портер 1,74
вакуумный насос портер 2,43
вакуумный усилитель портер,35
вакуумный усилитель портер 1,22
вакуумный усилитель тормозов портер,19
вал карданный портер,99
вал карданный портер 1,33
вал коленчатый портер,13
вал рулевой портер,64
вентилятор печки хендай портер 1,9
вентилятор портер,134
верхние рычаги портер тагаз,19
верхний рычаг портер 2,36
вес двигателя портер 1,14
ветровик на крышу на портер 1,7
ветровик на крышу портер,13
вилка сцепления портер,48
вилка сцепления портер 1,19
вилки портер,134
вискомуфта портер,35
вискомуфта портер 1,25
вискомуфта хендай портер,6
вкладыши портер,118
вкладыши портер 1,52
вкладыши шатунные портер 1,12
внутренняя ручка двери портер 1,16
водительское сидение хендай портер,32
водительское сиденье для портер 1,5
воздушный фильтр hyundai porter,35
воздушный фильтр портер 2,81
впускной коллектор портер 1,8
втулка амортизатора портер,24
втулка балансировочного вала портер 1,8
втулка рессоры портер,73
втулка рессоры портер 1,25
втулка стабилизатора портер,39
втулка стабилизатора портер 1,14
втулки портер,320
втулки рессор портер тагаз,13
втулки рессор хендай портер,26
втулки рычага портер,13
втулки стабилизатора портер тагаз,15
втягивающее на стартер портер,26
втягивающее реле портер 1,52
втягивающее реле стартера портер 1,31
выжимной подшипник портер 1,32
выжимной подшипник портер 2,8
выставить зажигание портер 1,22
выхлопная система портер 1,17
выхлопная система хендай портер,23
выхлопная труба портер 1,12
гайка колеса портер,75
гайка колеса портер 1,34
гайка колеса портер 2,12
гайка колеса хендай портер 1,14
гбц hyundai porter,31
гбц porter,60
гбц б у портер тагаз москва,5
гбц для хендай портер 1,29
гбц для хендай портер 1 в москве,21
гбц на портер 1,80
гбц на портер 1 купить в москве,11
гбц портер,819
гбц портер 1 d4bf,18
гбц портер 1 в сборе,23
гбц портер 1 купить,46
гбц портер 2,79
гбц портер d4bf,48
гбц портер купить,84
гбц портер тагаз,116
гбц хендай портер,255
гбц хендай портер 1 в сборе купить,12
гбц хендай портер 2,22
гбц хундай портер,37
генератор hyundai porter,96
генератор hyundai porter 1,38
генератор porter,140
генератор porter 1,56
генератор porter 2,13
генератор в сборе портер 1,12
генератор на портер 1 цена,30
генератор на хендай портер 1 цена,6
генератор на хундай портер 2 5 дизель,6
генератор портер,1859
генератор портер 1,945
генератор портер 1 артикул,17
генератор портер 1 купить в москве,8
генератор портер 1 тагаз,46
генератор портер 1 цена купить,24
генератор портер 2,197
генератор портер 2 купить,14
генератор портер бу,33
генератор портер купить,221
генератор портер тагаз,133
генератор портер тагаз артикул,12
генератор портер цена,90
генератор хендай портер,598
генератор хендай портер 1,295
генератор хендай портер 2,49
генератор хендай портер тагаз,34
генератор хендай портер цена,15
генератор хундай портер,139
генераторов новый хендай портер 1,5
гидроусилитель портер,132
гидроусилитель портер 1,78
гидроусилитель портер 2,13
гидроусилитель руля портер,52
гидроусилитель хендай портер,55
гильзы портер,28
главный тормозной цилиндр портер,108
главный тормозной цилиндр портер 1,51
главный тормозной цилиндр хендай портер,31
главный цилиндр на портер,74
главный цилиндр портер 1,142
главный цилиндр сцепления портер,190
главный цилиндр сцепления портер 1,85
главный цилиндр сцепления портер 2,43
главный цилиндр сцепления хендай портер,83
главный цилиндр сцепления хендай портер 1,28
главный цилиндр сцепления хендай портер 2,27
главный цилиндр хендай портер,113
глушитель hyundai porter,11
глушитель в сборе портер 1,22
глушитель на портер 1 в сборе цена,10
глушитель на портер 1 цена,29
глушитель на хундай портер,20
глушитель портер,491
глушитель портер 1,243
глушитель портер 1 купить,36
глушитель портер 1 тагаз,7
глушитель портер 2,106
глушитель портер 2 средняя часть,15
глушитель портер задняя часть,46
глушитель портер тагаз,31
глушитель хендай портер 1,71
глушитель хендай портер 2,27
глушитель хундай портер 1,17
глушитель хундай портер 2,7
головка блока портер,139
головка блока портер 1,70
головка блока хендай портер 1,15
головка блока цилиндров портер,66
головка блока цилиндров портер 1,33
головка блока цилиндров хендай портер,23
головка блока цилиндров хендай портер 1,9
головка гбц портер,18
головка портер 1,159
головка портер 2,33
головка портера,357
головка хендай портер,99
головка хендай портер 1,34
гофра портер 1,12
датчик воды портер,48
датчик воды портер 1,15
датчик воздуха портер 2,43
датчик давления масла портер 1,70
датчик давления масла портер тагаз,9
датчик давления масла хендай портер 1,29
датчик давления портер,229
датчик давления топлива портер 2,26
датчик давления топлива хендай портер,7
датчик дроссельной заслонки хендай портер,8
датчик егр хендай портер 1,9
датчик заднего хода портер,60
датчик заднего хода портер 1,24
датчик заднего хода портер 2,13
датчик заднего хода портер тагаз,9
датчик заднего хода хендай портер 1,11
датчик коленвала портер,109
датчик коленвала портер 1,48
датчик коленвала хендай портер 1,18
датчик масла портер,247
датчик масла портер 1,135
датчик массового расхода портер 2,12
датчик педали газа портер,35
датчик педали газа портер 1,21
датчик портер,1686
датчик скорости портер,55
датчик скорости портер 1,11
датчик скорости портер 2,22
датчик скорости хендай портер,22
датчик температуры воздуха портер,48
датчик температуры воздуха портер 2,27
датчик температуры охлаждающей жидкости портер,55
датчик температуры охлаждающей жидкости портер 1,43
датчик температуры портер,277
датчик температуры портер 1,141
датчик температуры хендай портер,90
датчик температуры хендай портер 1,39
датчик тнвд портер 1,29
датчик топлива на портер 1,41
датчик топлива портер,219
датчик топлива хендай портер,78
датчик топлива хендай портер 1,47
датчик топливного фильтра портер,46
датчик топливного фильтра портер 1,11
датчик топливного фильтра портер 2,20
датчик турбины портер,14
датчик уровня масла на хендай портер 1,14
датчик уровня масла портер,97
датчик уровня масла портер 1,58
датчик уровня топлива портер,90
датчик уровня топлива портер 1,37
датчик уровня топлива хендай портер,34
датчик уровня топлива хендай портер 1,20
датчик холостого хода портер 1,21
датчик холостого хода хендай портер 1,13
датчик частоты вращения вала np тнвд портер,8
датчик частоты вращения вала тнвд портер,15
двери будку портер,32
двери передней хендай портер 2,8
двери портер,1187
двери портер 1 бу,17
двери хендай портер,366
двери хендай портер 2,88
дверная ручка хендай портер 1,15
дверь левая портер 1,81
дверь левая портер тагаз,8
дверь на хендай портер 1 бу,6
дверь портер 1,370
дверь портер 1 бу купить,10
дверь портер 2,229
дверь портер 2 уценка,5
дверь портер купить,123
дверь правая на портер,20
дверь правая портер 1,31
дверь хендай портер 1,103
двигатели портер 2 купить,82
двигатель d4bf porter,22
двигатель d4bf портер купить,11
двигатель hyundai porter,233
двигатель hyundai porter купить,23
двигатель porter,293
двигатель porter 1,24
двигатель porter 2,56
двигатель бу хендай портер,59
двигатель на портер 1 б у,15
двигатель на портер 1 новый,50
двигатель на портер 1 новый цена,13
двигатель на портер 1 цена,52
двигатель на хендай портер 1 цена,21
двигатель на хундай портер,126
двигатель портер,3837
двигатель портер 1,1300
двигатель портер 1 купить бу,41
двигатель портер 1 купить новый,43
двигатель портер 2,719
двигатель портер 2 126 л с,37
двигатель портер 2 d4cb,50
двигатель портер d4bf,77
двигатель портер купить новый,63
двигатель портер тагаз,124
двигатель портер цена,133
двигатель хендай портер 1,544
двигатель хендай портер 1 бу,15
двигатель хендай портер 1 купить,61
двигатель хендай портер 1 купить бу,7
двигатель хендай портер 2,289
двигатель хендай портер 2 d4cb купить,9
двигатель хендай портер купить бу,22
двигатель хендай портер купить новый,30
двигатель хендай портер тагаз,37
двигатель хендай портер цены,51
двигатель хундай портер 2,75
двигатель хундай портер 2 5 td d4bf,9
двигатель хундай портер купить,54
держатель porter s 28331000,10
держатель душа porter,42
дефлектор портер,36
дефлектор портер 1,14
дефлектор портер 2,13
дефлекторы хендай портер,12
дизельный двигатель хендай портер,46
диодный мост портер,57
диодный мост хендай портер,25
диск колесный портер,183
диск на портер 1 бу,35
диск сцепления на портер 1,30
диск сцепления портер,102
диск сцепления портер 2,15
диск сцепления хендай портер,35
диск тормозной передний портер 1,28
диск тормозной портер,213
диск тормозной портер 1,119
диск тормозной портер 2,45
диск тормозной портер тагаз,16
диск хендай портер,539
диски hyundai porter,80
диски porter,126
диски porter 1,29
диски для портер 1 аналог,7
диски задние портер,64
диски задние портер 2,49
диски колесные портер 1,70
диски колесные портер купить,72
диски на портер,697
диски на портер 1,312
диски на портер 2 r12,13
диски на портер 2 r13,22
диски на хендай портер 1 бу,10
диски портер 2,288
диски портер 2 r13 купить,13
диски портер купить,350
диски портер тагаз,60
диски хендай портер 1,232
диски хендай портер 2,97
диски хундай портер,81
домкрат hyundai porter,6
дроссельная заслонка портер 2,10
жидкость гур портер,38
жидкость гур портер 1,13
заглушка блока цилиндров портер 1,7
заднее крыло портер,27
задние колодки портер 1,136
задние колодки хендай портер,121
задние тормоза портер,92
задние тормоза портер 1,49
задние тормоза портер 2,16
задние тормоза хендай портер 1,7
задние фары на портер,19
задние фонари хендай портер,93
задний барабан портер,90
задний колесный диск на портер 2 бу,12
задний мост портер 1,96
задний мост портер 2,53
задний мост хендай портер 1,38
задний мост хундай портер,25
задний тормозной цилиндр портер,89
задний тормозной цилиндр хендай портер,19
задний фонарь хендай портер 1,25
задняя ступица портер,128
задняя фара портер 1,29
задняя часть глушителя портер 1,22
зажигание на хендай портер,59
зажигание портер 1,254
зажигание портер 2,27
зажигания портер,456
зажигания хундай портер,31
замок двери левый портер,6
замок двери портер,86
замок двери портер 1,25
замок двери хендай портер,16
замок зажигания на хендай портер дром,7
замок зажигания портер,167
замок зажигания портер 1,99
замок зажигания портер 1 купить,14
замок зажигания портер 2,9
замок зажигания портер купить,17
замок зажигания хендай портер 1,25
замок хундай портер,22
запаска на портере,25
запасное колесо портер 1,17
запчасти спидометра на хендай портер,7
защита аккумулятора портер 1,22
защита генератора hyundai porter 1,5
защита генератора портер 1,7
защита двигателя портер,36
защита для аккумулятора на hyundai porter 2007,6
защита на аккумулятор для хендай портер 2,6
защита на портер,82
защита портер 1,85
зеркала porter,44
зеркала на портер 1 с выносом,19
зеркала на портер 1 с выносом купить,6
зеркала на портер с выносом,23
зеркала на портер с подогревом,51
зеркала на хендай портер 1,39
зеркала портер,609
зеркала с подогревом на портер 1,37
зеркало hyundai porter,21
зеркало заднего вида портер 1,23
зеркало левое портер,73
зеркало левое портер 1,28
зеркало левое портер 2,26
зеркало на портер 1,180
зеркало на портер 1 купить,53
зеркало портер 2,116
зеркало портер 2 электрическое с подогревом,10
зеркало портер тагаз,28
зеркало правое портер 1,13
зеркало хендай портер,172
зеркало хендай портер 2,38
зимние колеса на портер 1,23
инструменты porter cable,25
интеркулер портер,87
интеркулер портер 2,52
кабина hyundai porter 2,21
кабина porter,75
кабина porter 2,26
кабина б у портер,76
кабина бу портер купить,25
кабина куплю портер,209
кабина портер,1238
кабина портер 1,390
кабина портер 1 б у,64
кабина портер 1 б у купить,13
кабина портер 1 в сборе,13
кабина портер 1 в сборе б у,6
кабина портер 1 новая,15
кабина портер 1 цена,17
кабина портер 2,355
кабина портер 2 в сборе,18
кабина портер 2 в сборе купить,6
кабина портер 2 купить,67
кабина портер 2 купить бу,12
кабина портер б у купить,18
кабина портер бу,58
кабина портер тагаз,6
кабина хендай портер,387
кабина хендай портер 1,111
кабина хендай портер 1 б у купить,10
кабина хендай портер 1 купить,26
кабина хендай портер 2,87
кабина хендай портер 2 купить,13
кабина хундай портер,89
кабину портера поднять,36
кабины хендай портер 1 цены,9
кабины хендай портер цены,21
капиталка двигателя хендай портер 1,5
капот porter,15
капот портер,247
капот портер 1,75
капот портер 1 купить,20
капот портер 2,83
капот портер 2 купить,28
капот хендай портер,96
капот хендай портер 1,35
капот хендай портер 1 бу,8
капот хендай портер 1 купить,7
кардан портер,142
кардан портер 1,49
кардан портер 2,28
кардан рулевой портер,52
кардан хендай портер,52
карданный вал портер 2,17
карданный вал хендай портер,42
картридж для турбины портер 1,17
картридж турбины портер,69
клапан егр портер,80
клапан егр портер 1,36
клапан егр портер 2,13
клапан егр портер тагаз,10
клапан егр хендай портер,20
клапан егр хендай портер 1,5
клапан на портер,279
клапан отсечки топлива портер 2,5
клапан тнвд портер,100
клапан тнвд портер 1,49
клапан турбины портер,31
клапана на портер 2,36
клапана портер 1,453
клапана портер тагаз,79
клапана хендай портер,359
клапана хундай портер,77
клапанная крышка портер,204
клапанная крышка портер 1,105
клапанная крышка портер тагаз,59
клапанная крышка хендай портер,86
клапанная крышка хендай портер 1,51
клемма портер,84
ключ портер,282
ключ портер 2,58
ключ хендай портер 2,30
кнопка аварийки портер 1,6
кнопка портер 1,73
кнопка стеклоподъемника портер,53
кнопка стеклоподъемника портер 1,26
кнопка стеклоподъемника портер 1 левая,8
кнопка стеклоподъемника хендай портер,17
коврики для портера 1,9
коврики на портер 1 купить,5
коврики портер,136
коврики портер 2,43
коврики хендай портер,61
коврики хендай портер 1,23
коврики хендай портер 2,22
коленвал на портер 1 цена,6
коленвал портер,728
коленвал портер 1,341
коленвал портер 2,79
коленвал портер купить,27
коленвал портер тагаз,53
коленвал хендай портер,268
коленвал хендай портер 1,127
коленвал хундай портер,30
колеса porter,101
колеса на портер,620
колеса на портер 1,216
колеса на портер 1 185 r14c,8
колеса на портер 185 r14c,49
колеса на портер 185 r14c бу,19
колеса на портер 185 r14c шипы,5
колеса на портер купить,139
колеса на хендай портер 1,51
колеса на хендай портер 185 r14c бу,5
колеса портер 2,284
колеса портер бу,114
колеса портер хундай,99
колеса хендай портер 2,96
колесная гайка портер,61
колесные диски хендай портер,84
коллектор портер,132
коллектор портер 1,70
коллектор турбина портер,19
коллектор турбины портер 1,16
колодки задние porter,34
колодки задние для портер 2,12
колодки задние портер,339
колодки задние портер тагаз,51
колодки задние хендай портер 1,39
колодки передние porter,31
колодки передние портер,236
колодки передние портер 1,105
колодки передние портер 1 тагаз,23
колодки передние портер 2,42
колодки передние портер тагаз,44
колодки передние портер тагаз артикул,18
колодки передние хендай портер,69
колодки передние хендай портер 2,10
колодки портер,785
колодки портер 1,315
колодки портер 1 передние цена,12
колодки портер 2,186
колодки портер тагаз,115
колодки тормозные задние портер,111
колодки тормозные задние портер 1,42
колодки тормозные задние портер 1 тагаз,10
колодки тормозные задние портер 1 тагаз артикул,5
колодки тормозные задние портер 2,33
колодки тормозные задние хендай портер 1,15
колодки тормозные передние портер,69
колодки тормозные передние портер 1,35
колодки тормозные передние портер 1 тагаз артикул,7
колодки тормозные передние хендай портер 1,12
колодки тормозные портер,273
колодки хендай портер,261
колодки хендай портер 1,89
колодки хендай портер 2,79
колпак хендай портер 2,31
колпаки на портер,78
колпаки на портер 1,18
колпаки на портер 2,50
колпаки на портер 2 авито,7
колпаки на хендай портер 2 купить,9
колпаки хендай портер,50
кольца портер,259
кольца поршневые портер,58
кольца поршневые портер 1,27
комплект прокладок портер,34
комплект прокладок портер 1,12
комплект сцепление портер,82
комплект сцепления портер 1,22
комплект сцепления портер 2,20
комплект сцепления портер тагаз,24
комплект сцепления хендай портер,20
компрессор кондиционера портер,47
компрессор кондиционера портер 2,25
компрессор кондиционера хендай портер 2,5
кондиционер на портере,70
кондиционер портер 1,65
кондиционер портер 2,53
кондиционер хендай портер,61
контрактные двигатели портер,107
контрактный двигатель на портер 1 цена,8
контрактный двигатель портер 1,41
контрактный двигатель портер 2,6
контрактный двигатель хендай портер,48
контрактный двигатель хендай портер 1,20
коренной вкладыш на портере,6
корзина портер,53
корзина сцепления на портер 1,14
корзина сцепления портер,44
коробка передач портер,346
коробка передач портер 1,126
коробка передач портер 2,42
коробка передач хендай портер,122
коробка передач хендай портер 1,50
коробка передач хендай портер 2,21
коробка передач хундай портер,50
коробка портер 1,291
коробка портер 2,138
коробка портера,926
коробка хендай портер 1,98
коробка хендай портер 2,58
коробка хендай портер купить,34
коромысла хендай портер,56
коромысло портер,134
коромысло портер 1,57
корпус воздушного фильтра на портер 1,13
корпус воздушного фильтра портер,35
корпус воздушного фильтра хендай портер,6
корпус масляного насоса на портер 1,6
корпус масляного фильтра портер 1,20
корпус печки портер 1,12
корпус печки портер 2,17
корпус рефрижератора хендай портер 2,5
корпус термостата хендай портер,7
корпус топливного фильтра портер,26
корпус топливного фильтра портер 1,13
корпус фильтра портер,90
крепление генератора портер 1,25
крепление заднего фонаря портер 1,15
крепление зеркала на портер 1,6
крепления генератора портер,45
крестовина porter,27
крестовина кардана портер 2,9
крестовина кардана хендай портер,5
крестовина карданного вала портер,24
крестовина карданного вала портер 1,7
крестовина на портер 1,29
крестовина портер,191
крестовина портер 2,48
крестовина портер тагаз,19
крестовина рулевого вала портер 2,7
крестовина хендай портер,47
крестовина хендай портер 1,11
кронштейн генератора портер 1,16
кронштейн генератора портер 1 тагаз,10
кронштейн заднего фонаря портер 1,14
кронштейн задних фонарей портер,24
кронштейн зеркала портер 1,9
кронштейн масляного фильтра портер 1,12
кронштейн фонаря портер,32
кронштейн фонаря портер 1,20
крыло левое портер 1,13
крыло портер,174
крыло портер 1,80
крыло портер 2,38
крыло хендай портер,56
крыло хендай портер 1,25
крыша портер,103
крышка бака портер,49
крышка бака портер 1,19
крышка бака хендай портер,10
крышка бензобака портер,52
крышка бензобака портер 1,22
крышка радиатора портер,34
крышка радиатора портер 1,16
крышка топливного бака портер,25
крышка топливного бака портер 1,10
крышки распредвала портер,46
кузов porter,114
кузов porter б у,6
кузов на хендай портер 1,17
кузов на хендай портер 1 купить,6
кузов портер 1,161
кузов портер 1 купить на авито,5
кузов портер 2,112
кузов портер купить,85
кузов хендай портер 2,36
кузов хендай портер купить,18
кулак поворотный портер,37
кулак портер,46
кулиса кпп портер,56
кулиса кпп портер 1,16
кулиса кпп портер 2,20
кулиса кпп хендай портер 1 в сборе,7
кулиса портер,187
кулиса портер 1,68
кулиса портер 2,57
кулиса хендай портер,59
кулиса хендай портер 1,30
кулиса хендай портер 2,11
купить аккумулятор на портер,135
купить аккумулятор на портер 1,77
купить актуатор турбины на портер 1,13
купить б у двигатель портер,18
купить бампер на портер 1,23
купить бампер портер,102
купить бампер портер 2 бу,14
купить бампер хендай портер 2,20
купить барабан тормозной на портер 2,8
купить блок на портер 1,15
купить блоки портер,60
купить бу диски на портер,43
купить бу мотор на портер 1,6
купить гбц хендай портер 1,27
купить генератор на хендай портер 1,19
купить генератор портер 1,147
купить генератор хендай портер,61
купить генератор хундай портер,18
купить глушитель портер,69
купить глушитель портер 2,15
купить глушитель хендай портер,27
купить головку на портер 1,16
купить дверь на портер 1,27
купить дверь хендай портер,51
купить двигатель контрактный портер 1,19
купить двигатель на хендай портер 1 новый,18
купить двигатель портер,401
купить двигатель портер 1,166
купить двигатель хендай портер,149
купить двигатель хендай портер 2,33
купить диски на портер 1,125
купить диски портер 2,56
купить диски хендай портер 1,85
купить задний фонарь на портер 1,15
купить заднюю фару портер,10
купить зеркала с подогревом на портер 1,31
купить зеркало на портер,69
купить зеркало портер 2,20
купить кабину hyundai porter 2,8
купить кабину на портер 1,33
купить кабину хендай портер,60
купить картридж турбины портер,16
купить картридж турбины хундай портер 2 d4cb,7
купить коленвал портер 1,18
купить колеса на портер 2,19
купить колеса на портер 2 задние,10
купить колеса на хендай портер 1,11
купить колесные диски на портер бу,7
купить колесные диски хендай портер 1 тагаз,8
купить колодки на портер,30
купить колодки на портер 1 передние,5
купить колпаки портер,18
купить контрактный двигатель на портер,15
купить коробку на портер 1,20
купить коробку портер,119
купить лобовое стекло на портер,17
купить лобовое стекло на портер 1,7
купить лобовое стекло на портер 2,6
купить лобовое стекло хендай портер,12
купить масло портер,60
купить масло хендай портер 1,18
купить моторное масло хендай портер 1,7
купить направляющие для суппортов хендай портер два,15
купить новый тнвд на портер 1,27
купить основной радиатор на хундай портер h100,7
купить печку на хендай портер 1,20
купить поддон портер 1,18
купить подольский аккумулятор на портер,9
купить помпу на портер 1,16
купить портер бу двигатель,72
купить промежуточный вал на портер 1,5
купить радиатор на хендай портер,34
купить радиатор печки портер,31
купить радиатор портер,128
купить радиатор хендай портер 1,24
купить распредвал на хендай портер 1,5
купить рессоры портер 1,54
купить сальник генератора на портер 1,5
купить свечи накаливания на портер 1,13
купить спидометр на хендай портер h100,5
купить спидометр хендай портер,61
купить спидометра на хендай портер 1,36
купить стартер на портер 1 цена,5
купить стартер портер,175
купить стартер портер 1,99
купить стекло на портер 1,9
купить стекло на хендай портер,11
купить суппорт на портер,17
купить суппорт на портер 1,6
купить сцепление портер 1,64
купить тент на портер 2 дубль кабина,6
купить тнвд на портер 1,94
купить тнвд на портер 1 бу,15
купить тнвд на хендай портер 1 тагазовский,6
купить тнвд хендай портер 1,25
купить топливный фильтр портер,78
купить турбину на портер 1 в москве,22
купить турбину на портер 2,21
купить турбину портер 1,101
купить турбину портер тагаз,22
купить турбину хендай портер,39
купить турбину хендай портер 1,20
купить форсунки на портер,51
купить форсунки портер 1,51
купить форсунки портер 2,46
купить хендай портер 2 двухкабинник полный привод,7
куплю сидения портер,106
куплю форсунки портер 2 евро 4,6
лампа ближнего света портер 1,20
лампочка на портер ближний свет,35
лампы hyundai porter,23
лампы портер 1,129
лампы портер 2,93
лампы хендай портер,147
левая дверь хендай портер 2,12
левое зеркало хендай портер,40
лист рессоры портер 2,21
листы рессор портер 1,58
листы рессоры портер,108
литые диски на портер 1,29
литые диски на хендай портер 1,9
литые диски портер,48
личинка двери портер 1,14
личинки замка портер,40
личинки на портер,12
лобовое стекло hyundai porter,55
лобовое стекло на hyundai porter 2,11
лобовое стекло на портер 1 цена,9
лобовое стекло на портер 2 цена,7
лобовое стекло на хендай портер 1,20
лобовое стекло портер,314
лобовое стекло портер 2,97
люфт вала тнвд портер 1,8
лягушка топливного фильтра портер,14
масла в хундай портер,57
масло в гур портер,7
масло в двигатель портер 1,109
масло в задний мост портер,50
масло в задний мост портер 1,23
масло в коробку портер,165
масло в коробку портер 1,77
масло в коробку хендай портер,74
масло в коробку хендай портер 2,17
масло в кпп портер,70
масло в кпп хендай портер 1,11
масло в мост портер 1,31
масло в мост портер 2,22
масло в мост портера,80
масло в портер 1 дизель,18
масло в редуктор портер 1,11
масло двигателя портер 2,71
масло для портера,167
масло для хендай портер 1,23
масло кпп портер 1,51
масло кпп портер 2,21
масло кпп хендай портер,33
масло портер 2,391
масло хендай портер 2,172
маслосъемные колпачки портер 1,6
масляный насос на хендай портер 1,23
масляный насос на хендай портер 1 цена,10
масляный насос портер,236
масляный насос портер 1,134
масляный насос портер 2,23
масляный насос портер 2 евро 5,7
масляный насос хендай портер,67
масляный насос цена портер,17
масляный поддон портер 1,14
масляный радиатор на хендай портер 1,13
масляный радиатор портер 1,81
масляный радиатор портер 1 тагаз,8
масляный фильтр портер,422
масляный фильтр хендай портер 2 5 дизель,12
маховик портер,147
маховик портер 1,65
маховик портер 2,18
маховик портер тагаз,10
маша портер и волшебное кольцо,12
механизм переключения передач портер 2,9
механический тнвд портер,43
мкпп hyundai porter,12
мкпп портер,181
мкпп портер 1,30
мкпп портер 2,40
мкпп хендай портер,86
модель мотора хендай портер h 100,5
модель портера лоулера механизм мотивации,5
мост портер,433
мост портер 1,146
мост портер 2,69
мост хендай портер,167
мотор джи купить педаль газа портер 1,6
мотор омывателя портер 1,9
мотор отопителя портер 1,24
мотор печки портер,64
мотор печки портер 1,36
мотор портер 1 купить,37
мотор портер 2,149
мотор портер хундай,86
мотор хендай портер,210
мотор хендай портер 1,56
мотор хендай портер 2,37
моторное масло для портера,22
моторное масло для хендай портер 2,11
моторное масло хендай портер,48
моторы портер 1,252
на портер свечи,402
на хендай портер топливный насос датчик фильтр,5
наклейки двери на хендай портер 2,8
наклейки портер на двери,18
направляющая выжимного подшипника на портер 1,18
направляющая суппорта портер,50
направляющая суппорта портер 2,19
наружная левая ручка хендай портер,22
насос гур портер,76
насос гур портер 1,43
насос гур портер 1 цена,10
насос подкачки портер,69
насос подкачки портер 1,33
насос подкачки топлива портер,22
насос подкачки хендай портер,21
насос портер,1011
насос портер 1,472
насос ручной подкачки портер,29
насос ручной подкачки портер 1,16
насос тнвд для хендай портер,10
насос тнвд портер,42
насос тнвд портер 1,14
насос топливный porter 1,11
натяжитель портер,49
не переключаются скорости на хундай портер первый,7
нижние рычаги портер,124
нижний рычаг хендай портер 2,18
нижняя крепления генератора хендай портер 1,5
новый двигатель на хендай портер,30
новый двигатель портер,127
новый двигатель портер цена,19
обогрев зеркал портер 1,18
обратка на портер,39
обратный клапан портер,84
обратный клапан портер 1,30
обратный клапан портер 2,10
обратный клапан тнвд портер 1,18
обратный клапан тнвд хендай портер 1,10
обратный клапан хендай портер,31
обшивка двери портер,50
обшивка двери портер 1,8
обшивка двери портер 2,22
ограничитель хода передней подвески на портер отбойник,5
опора двигателя на портер 1,10
опора кпп портер 1,15
опора шаровая портер 1 верхняя,17
опорный шар вилки сцепления портер,10
ось коромысел портер,55
ось коромысел портер 1,23
отбойник рессоры портер,20
отбойник рессоры портер 1,15
отбойник рессоры хендай портер 1,7
отопитель портер,297
отопитель портер 1,129
отопитель портер 2,58
отопитель хендай портер,73
охлаждающая жидкость портер,166
панель на портер,252
панель передняя портер,25
панель передняя портер 1,12
панель портер 2,76
панель приборов портер,261
панель приборов портер 1,139
панель приборов портер 1 купить,16
панель приборов портер 2,35
панель приборов хендай портер,99
панель приборов хендай портер 1,58
пара портер,77
патрубки на портер,72
патрубки печки портер,36
патрубок радиатора портер 1,18
патрубок системы охлаждения портер,9
патрубок турбины портер,43
патрубок турбины портер 1,18
педаль газа портер,138
педаль газа портер 1,64
педаль газа хендай портер,49
педаль сцепления портер,109
педаль сцепления портер 1,54
педаль сцепления портер 2,32
первичный вал портер,76
первичный вал портер 1,41
передние колодки хендай портер 1,28
передние подкрылки на hyundai porter 1 купить,7
передний бампер портер,119
передний бампер портер 1,51
передний бампер портер 2,48
передний капот хендай портер 1,6
передний ступица портер,111
передняя подвеска портер,130
передняя подвеска портер 1,53
передняя подвеска хендай портер,60
передняя подвеска хендай портер 1,29
передняя ступица портер 1,61
переключатель подрулевой портер 1,13
переключения передач на портере,47
петля двери портер 1,9
печка porter,71
печка портер,1671
печка портер 1,790
печка портер 2,200
печка портер купить,78
печка портер тагаз,38
печка хендай портер,584
печка хендай портер 1,254
пластиковые втулки крепления запоров дверей фургона портер,6
плата комбинации приборов хендай портер 1,26
плунжерная пара портер,49
плунжерная пара портер 1,31
плунжерная пара тнвд портер 1,7
плюсовой провод аккумулятора портер 1,10
плюсовой провод портер,44
поводки портер 2,5
поводок стеклоочистителя портер 1,9
подача топлива портер,36
подвеска портер,203
подвеска портер 1,77
подвеска портер 2,46
подвеска хендай портер 1,43
поддон двигателя портер,51
поддон двигателя портер 1,30
поддон картера портер,26
поддон картера портер 1,15
поддон портер,255
поддон портер 1,139
поддон портер 1 с датчиком,10
поддон портер тагаз,30
поддон хендай портер,80
поддон хендай портер 1,45
поддон хендай портер 2,7
подкачка топлива портер,57
подкачка топлива портер 1,20
подкачка топливного фильтра портер,49
подкачка фильтра мобис с портер 1,7
подкрылки задние портер 2,19
подкрылки портер,117
подкрылки портер 1,51
подкрылки портер 2,33
подкрылок задний правый porter портер 1,7
подкрылок передний портер,22
подогрев портер,288
подушка кабины портер 1,8
подушка кпп портер 1,10
подушка на портер 1,12
подушки двигателя портер 1,30
подшипник выжимной портер,75
подшипник маховика портер,34
подшипник маховика портер 1,28
подшипник на портер,153
подшипник первичного вала портер,29
подшипник первичного вала портер 1,14
подшипник передней ступицы портер,47
подшипник передней ступицы портер тагаз,5
подшипник полуоси портер,93
подшипник полуоси портер 1,37
подшипник полуоси хендай портер,31
подшипник ступицы задний портер 1,18
подшипник ступицы задний портер 2,25
подшипник ступицы передней портер 2,6
подшипник ступицы портер,154
подшипник ступицы портер 1,67
подшипник ступицы портер 2,35
подшипник ступицы хендай портер,42
подшипник ступицы хендай портер 1,11
подшипники передней ступицы портер 1,23
полуось портер,287
полуось портер 1,138
полуось тагаз портер,34
полуось хендай портер,113
помпа hyundai porter,21
помпа porter,29
помпа на портер 1 тагаз,18
помпа на портер 1 цена,24
помпа на хендай портер 1 цена,15
помпа портер,462
помпа портер 1,227
помпа портер 2,48
помпа портер тагаз,55
помпа хендай портер,157
помпа хендай портер 1,78
помпа хундай портер,22
помпа хундай портер 1,10
портер 1 бампер цена,6
портер 1 кабина г ош,12
портер 1 колеса бу,54
портер 1 колеса бу московская область,5
портер 1 коробка передач купить,18
портер 1 кузов купить,34
портер 1 масло,867
портер 1 на холодный низкие обороты,11
портер 1 не заряжает аккумулятор,5
портер 1 подшипник 5304239000,12
портер 1 ремкомплект,120
портер 1 сальник,378
портер 1 тормозные барабаны,43
портер 1 труба,71
портер 2 2012 года замок двери личинка,6
портер 2 блок предохранителей,46
портер 2 воздушный датчик,12
портер 2 выгодно ли ставить газ,6
портер 2 датчик расхода воздуха,12
портер 2 датчик температуры на 0,5
портер 2 дубль кабина,33
портер 2 задняя ступица,49
портер 2 крыло цена,7
портер 2 купить стартер,23
портер 2 купить сцепление,19
портер 2 масло в задний мост,12
портер 2 масло в коробку,36
портер 2 накладки,14
портер 2 отсечка на 3000 оборотов,9
портер 2 предохранители,270
портер 2 предохранитель прикуривателя,10
портер 2 приводной ремень,28
портер 2 салон,104
портер 2 термостат,45
портер 2 топливный бак,67
портер автомат коробка,55
портер автомобильные кузова,14
портер бак датчик,35
портер без турбины 2 салон,8
портер газ,343
портер дверь левая,183
портер двойная кабина,53
портер дубль кабина,65
портер жидкости,496
портер задние фонари,326
портер задний мост,268
портер защита аккумуляторов,76
портер инструмент,130
портер кабле инструмент,12
портер кабле инструмент купить,5
портер камера,47
портер крепление задних фонарей,31
портер крестовина кардан,27
портер кузов,1094
портер лампы ближнего света,71
портер мало сестричка,5
портер масло двигатель,367
портер масляный поддон,27
портер мотору,698
портер н 100 двигатель,28
портер полный привод,51
портер провод аккумулятора,40
портер рабочи,283
портер салон,426
портер света,269
портер сцепление в конце,12
портер тормоза,411
портер фермер дешевый цены прямой хазайн,12
портер фильтра,2096
портер хендай 1 рычаг,100
портер хендай газ,118
портер хендай головка блока,42
портер хендай на цилиндр,71
портер хендай система охлаждения,101
поршень портер,152
поршень суппорта портер,31
поршни портер 1,65
поршня портер 2,13
правое зеркало на портер,22
прайс лист портер,137
предохранители hyundai porter 1,20
предохранители и реле портер,25
предохранители портер,1542
предохранители портер 1,724
предохранители портер 1 тагаз,34
предохранители портер тагаз,55
предохранители хендай портер,621
предохранитель генератора портер 1,14
предохранитель заднего хода хундай портер 2,5
предохранитель прикуривателя портер,51
предохранитель прикуривателя портер 1,26
предохранитель прикуривателя хендай портер,22
предохранитель свечей накала портер 1,7
предохранитель сигнала портер 1,26
предохранитель стеклоподъемника портер,16
предохранитель стоп сигнала портер 1,12
предохранитель стоп сигналов портер,25
предохранитель хендай портер 1,191
приборная панель портер,174
приборная панель портер 1,86
приборная панель хендай портер,89
приборная панель хендай портер 1,42
приборы на портер 1,97
приборы хендай портер,201
привод спидометра портер,29
привод спидометра портер 1,13
привод хундай портера,20
приводной ремень хендай портер,30
приемная труба портер,70
прикуриватель портер,87
пробка топливного бака портер,6
провод генератора портер 1,28
провод массы портер,17
провод плюсовой портер 1,28
провод портер,279
провода генератора портер,34
провода на портер 1,67
проводка задних фонарей портер 1,8
проводка портер,200
проводка портер 1,91
проводка портер 2,25
проводка указателя поворотов 923014b123 oem porter портер,5
проводка хендай портер 1,32
прокладка выпускного коллектора портер 1,5
прокладка гбц портер,224
прокладка гбц портер 1,117
прокладка гбц портер 1 d4bf,8
прокладка гбц портер 2,18
прокладка гбц портер тагаз,23
прокладка гбц хендай портер,58
прокладка гбц хендай портер 1,19
прокладка клапанной крышки портер,146
прокладка клапанной крышки портер 1,77
прокладка клапанной крышки портер тагаз,52
прокладка клапанной крышки хендай портер,59
прокладка клапанной крышки хендай портер 1,38
прокладка клапанной крышки хендай портер 1 артикул,6
прокладка клапанной крышки хендай портер 1 тагаз,17
прокладка коллектора портер,33
прокладка коллектора портер 1,15
прокладка поддона портер,69
прокладка поддона портер 1,39
прокладка поддона хендай портер 1,12
прокладка турбины портер,33
прокладка турбины портер 1,21
прокладки на портер,169
противотуманные фары портер 1,75
противотуманные фары хендай портер 1,28
пружины на портер,12
пульт управления рефрижератором портер,13
пыльник суппорта портер 2,8
рабочий цилиндр портер,220
рабочий цилиндр портер 1,105
рабочий цилиндр сцепления на портер 1 балашиха,5
рабочий цилиндр сцепления портер,169
рабочий цилиндр сцепления портер 1,82
рабочий цилиндр сцепления портер 2,48
рабочий цилиндр сцепления хендай портер 1,12
радиатор porter,90
радиатор porter 1,24
радиатор масляный портер,140
радиатор масляный хендай портер,47
радиатор на портер 1 цена,18
радиатор на портер цена,20
радиатор отопителя портер,87
радиатор отопителя портер 1,36
радиатор охлаждения портер,81
радиатор охлаждения портер 1,31
радиатор охлаждения портер 2,21
радиатор охлаждения хендай портер 1,11
радиатор печки на портер 1 в люберцах,6
радиатор печки портер,439
радиатор печки портер 1,217
радиатор печки портер 1 купить,21
радиатор печки портер 1 цена,14
радиатор печки портер 2,46
радиатор печки портер тагаз,18
радиатор печки хендай портер 1,86
радиатор портер,1244
радиатор портер 1,575
радиатор портер 1 артикул,16
радиатор портер 2,170
радиатор портер тагаз,66
радиатор хендай портер,458
радиатор хендай портер 1,205
радиатор хендай портер 1 тагаз,8
радиатор хендай портер 1 тагаз артикул,6
радиатор хундай портер,105
радиаторы портер 1 купить,60
рампа портер,37
распредвал на хендай портер 1,21
распредвал портер,350
распредвал портер 1,166
распредвал портер купить,33
распредвал портер тагаз,50
распредвал хендай портер,120
распредвал хендай портер тагаз,6
распылители портер,154
распылители портер тагаз,9
распылители форсунок хендай портер,26
распылитель портер 1,115
распылитель форсунки портер,109
распылитель форсунки портер 1,84
распылитель форсунки портер 1 d4bf,8
распылитель форсунки портер 1 купить,24
распылитель хендай портер,26
расширительный бачок портер,85
расширительный бачок портер 1,37
расширительный бачок хендай портер,34
расширительный бачок хендай портер 1,19
реактивная тяга портер 1,68
редуктор заднего моста портер,33
редуктор заднего моста портер 1,17
редуктор задний портер,64
редуктор портер,233
редуктор портер 1,64
редуктор портер 2,36
редуктор хендай портер,79
резинки крепления глушителя на портер 1,7
резистор отопителя портер 1,10
резистор печки портер 1,8
реле втягивающее портер,66
реле генератора портер,31
реле генератора хендай портер 1,9
реле дворников портер 1,7
реле зажигания портер,49
реле зажигания портер 1,42
реле зарядки портер 1,6
реле и предохранители портер 1,5
реле накала портер 1,118
реле накала свечей хендай портер,68
реле накала свечей хендай портер 1,34
реле поворота хендай портер,9
реле поворотников портер,39
реле поворотов porter,26
реле поворотов портер,41
реле поворотов портер 1,17
реле поворотов хендай портер 1,5
реле портер,995
реле портер 1,523
реле портер 2,114
реле свечей накала портер,185
реле свечей накала портер 1,114
реле сигнала портер,40
реле сигнала портер 1,24
реле сигнала хендай портер,11
реле стартера портер,176
реле стартера портер 1,105
реле стартера хендай портер,73
реле хендай портер,379
реле хундай портер,75
ремень балансировочного вала портер,12
ремень генератора porter,15
ремень генератора портер,234
ремень генератора портер 1,114
ремень генератора портер 2,30
ремень генератора портер тагаз,51
ремень генератора портер тагаз артикул,5
ремень генератора хендай портер,86
ремень генератора хендай портер 1,41
ремень генератора хендай портер 1 тагаз,11
ремень гидроусилителя портер 1,17
ремень грм porter,25
ремень грм портер,440
ремень грм портер 1,213
ремень грм портер 1 купить,6
ремень грм портер 2,18
ремень грм портер тагаз,24
ремень грм хендай портер 1,94
ремень грм хендай портер 1 цена,10
ремень грм хундай портер,38
ремень гур портер,69
ремень гур портер 1,35
ремень гур портер 1 тагаз артикул,8
ремень гур портер тагаз,18
ремень кондиционера портер,41
ремень кондиционера портер 2,13
ремень на хендай портер,152
ремень портер,1164
ремень портер 2,140
ремень приводной портер 1,28
ремкомплект главного тормозного цилиндра портера 1,8
ремкомплект грм портер 2,6
ремкомплект задних колодок портер,20
ремкомплект суппорта переднего портер 1,12
ремкомплект суппорта портер,60
ремкомплект суппорта портер 1,29
ремкомплект суппорта портер 2,15
ремкомплект суппорта хендай портер 1,9
ремкомплект турбины портер,21
ремкомплект турбины портер 1,10
ремни портер 1,504
ремни портер тагаз,130
ремни хендай портер 1,186
ремни хендай портер тагаз,43
рессора hyundai porter,49
рессора задняя портер,111
рессора задняя портер 1,32
рессора портер купить,92
рессора портер усиленная,54
рессора хендай портер купить,27
рессоры бу портер,14
рессоры на портер 1,158
рессоры на портер 1 усиленные цена,7
рессоры на портер 1 цена,31
рессоры на портер 2,54
рессоры на портер цена,38
рессоры портер,856
рессоры портер 2 купить,22
рессоры портер тагаз,58
рессоры хендай портер,240
рессоры хендай портер 1,86
рессоры хендай портер 1 купить,17
рессоры хундай портер,41
рокер портер 1,59
рокер хендай портер,45
рокера портер,156
ролик кондея портер тагаз,5
ролик кондиционера портер,18
ролик портер,155
ролик портер 2,17
ролики грм портер,33
рулевая колонка портер,54
рулевая колонка портер 1,23
рулевая колонка хендай портер,14
рулевая тяга портер,69
рулевая тяга портер 2,9
рулевой вал портер 2,24
рулевой кардан портер 2,12
рулевой наконечник портер,91
рулевой наконечник портер 1,42
рулевой наконечник портер 2,16
рулевой редуктор портер,57
рулевой редуктор портер 2,16
рулевой редуктор хендай портер,15
руль hyundai porter,15
руль на портер 2,34
руль на хендай портер купить,17
руль портер,368
руль портер 1,174
руль хендай портер,152
руль хендай портер 1,90
ручка внешняя портер 2,10
ручка внешняя портер 2 автотяга,5
ручка двери внутренняя левая портер 1,9
ручка двери внутренняя портер,59
ручка двери внутренняя портер тагаз,7
ручка двери наружная портер 1,50
ручка двери наружная правая портер 1,11
ручка двери наружняя левая портер 1,7
ручка двери портер,284
ручка двери портер 1,118
ручка двери портер 1 наружная левая,26
ручка двери портер левая,88
ручка двери портер наружная,86
ручка двери портер наружная левая,46
ручка двери портер наружная правая,18
ручка двери портер тагаз,35
ручка двери хендай портер,96
ручка двери хендай портер 1,24
ручка двери хендай портер левая наружная,20
ручка двери хендай портер правая наружная,6
ручка дверная портер 1,36
ручка на портер 1,50
ручка наружная портера левый,50
ручка портер,543
ручку на портер купить,23
ручной тормоз портер,66
ручной тормоз портер 1,26
рычаг верхний левый 544104b000 porter портер,8
рычаг верхний на портер 1,44
рычаг верхний портер,249
рычаг кпп портер 2,15
рычаг нижний портер 1,65
рычаг нижний портер 2,28
рычаг передней подвески портер,11
рычаг передний портер,100
рычаг портер 1,316
рычаг портер 2,119
рычаг портер тагаз,39
рычаг хендай портер 2 купить,7
рычаги porter,54
рычаги портер,647
сажевый фильтр портер,45
сажевый фильтр портер 2,30
сайлентблок верхнего рычага портер,59
сайлентблок верхнего рычага портер 1,25
сайлентблок верхнего рычага портер 2,14
сайлентблок верхнего рычага портер тагаз,7
сайлентблок верхнего рычага хендай портер,25
сайлентблок верхнего рычага хендай портер 1,10
сайлентблок портер,214
сайлентблок рессоры портер,23
сайлентблок рессоры хендай портер,11
сайлентблок хендай портер,86
сайлентблоки портер 1,80
салон портер 1,137
салонный фильтр портер,121
салонный фильтр портер 1,57
салонный фильтр портер 2,26
салонный фильтр хендай портер,67
сальник балансировочного вала портер,28
сальник балансировочного вала портер 1,12
сальник вакуумного насоса портер 1,5
сальник генератора портер,25
сальник генератора портер 1,15
сальник задней ступицы портер 2,13
сальник коленвала задний портер 1,34
сальник коленвала передний портер,79
сальник коленвала передний портер 1,39
сальник коленвала передний портер тагаз,6
сальник коленвала портер,186
сальник коленвала портер 1,103
сальник коленвала портер тагаз,17
сальник коленвала хендай портер,82
сальник коленвала хендай портер 1,43
сальник кпп портер 1,14
сальник на портер,154
сальник передней ступицы портер 1,13
сальник полуоси портер,59
сальник полуоси портер 1,26
сальник полуоси портер 1 тагаз,7
сальник полуоси портер 2,9
сальник полуоси портер тагаз,14
сальник распредвала портер,67
сальник распредвала портер 1,34
сальник рейки портер,30
сальник рулевой рейки портер 1,20
сальник ступицы портер 2,17
сальник тнвд портер 1,11
сальник хвостовика портер 1,13
сальник хундай портер,59
свеча накала портер,807
свеча накала портер 2,80
свеча накала портер тагаз,44
свеча накаливания портер,364
свеча накаливания портер 1 цена,23
свеча накаливания хендай портер 1,66
свеча портер тагаз,52
свечи на портер 1 цена,17
свечи на хендай портер,131
свечи накала портер 1,367
свечи накала портер 1 купить,29
свечи накала хендай портер,269
свечи накала хендай портер 1,94
свечи накаливания портер 1,192
свечи накаливания портер 2,38
свечи портер 1,622
серьга рессоры портер,19
сигнал на портер,126
сигнал портер 1,164
сигнализация портер,44
сиденье водительское портер,94
сиденье портер 1,210
сиденье портер 1 купить,69
сиденье портер 2,79
сиденье портер 2 бу купить,6
сиденье портер 2 купить,20
сиденье хендай портер,152
сиденье хендай портер 2,15
сиденья портер,437
сиденья хендай портер 1,69
силовой блок предохранителей портер,31
силовой предохранитель портер,71
силовые предохранители портер 1,38
система охлаждения портер,185
система охлаждения портер 1,93
система охлаждения портер 2,11
система охлаждения хендай портер 1,56
система охлаждения хундай портер,10
система портера,707
скорость портер 1,53
сливная пробка на хендай портере,12
сливная пробка портер,93
спидометр porter,61
спидометр на хендай портер 1,80
спидометр портер,488
спидометр портер 1,248
спидометр портер 1 купить,55
спидометр портер 2,25
спидометр портер тагаз,36
спидометр хендай портер,220
спойлер крыши портер,29
спойлер на крышу портер 1,14
спойлер на крышу хендай портер,13
спойлер на крышу хендай портер 1,7
стабилизатор портер,217
стабилизатор портер 1,90
стабилизатор портер 2,45
стартер porter,99
стартер porter 1,25
стартер на hyundai porter 1,8
стартер на портер 2 цена,7
стартер на хендай портер 1 цена,12
стартер портер,1404
стартер портер 1,668
стартер портер 1 тагаз,13
стартер портер 1 цена,45
стартер портер 2,195
стартер портер бу,32
стартер портер тагаз,70
стартер портер тагаз артикул,13
стартер портер цена,76
стартер хендай портер,493
стартер хендай портер 1,206
стартер хендай портер 1 артикул,18
стартер хендай портер 1 купить,40
стартер хендай портер 2,73
стартер хендай портер 2 купить,13
стартер хендай портер купить,78
стартер хендай портер купить в москве,11
стартер хендай портер цена,33
стартер хундай портер h100 2 5 дизель,8
стекло hyundai porter,152
стекло в заднюю стороны кабины портер 1,6
стекло двери портер,39
стекло левое портер,25
стекло лобовое porter,66
стекло лобовое портер 1,105
стекло лобовое хендай портер,137
стекло на hyundai porter 2,26
стекло на портер 1,83
стекло на портер 1 боковое,5
стекло на хендай портер,71
стекло портер,664
стекло портер 2,140
стекло фонаря заднего портер,22
стеклоподъемник porter,16
стеклоподъемник портер,191
стеклоподъемник портер 1,99
стеклоподъемник портер 1 левый,22
стеклоподъемник хендай портер,66
стеклоподъемник хендай портер 1,34
стойка стабилизатора портер,110
стойка стабилизатора портер 1,50
стойка стабилизатора портер 2,32
стойка стабилизатора портер тагаз,14
стойка хендай портер 1,23
стойки стабилизатора хендай портер 1,19
ступица porter,57
ступица задняя портер 1,40
ступица портер,387
ступица портер 1,162
ступица портер 2,85
ступица хендай портер 1,34
ступица хендай портер 2,17
ступица хундай портер,21
ступичный подшипник портер 1,38
ступичный подшипник портер 2,7
ступичный подшипник хендай портер,36
суппорт на портер 2 mando,5
суппорт передний портер 1,48
суппорт портер,348
суппорт портер 1,140
суппорт портер 2,100
суппорт тормозной передний портер,30
суппорт тормозной портер 1,26
суппорт хендай портер,133
суппорт хендай портер 1,42
суппорта хендай портер 2,41
сцепление hyundai porter,49
сцепление porter,118
сцепление porter 1,29
сцепление porter 2,25
сцепление в сборе портер,31
сцепление в сборе портер 1,11
сцепление в сборе портер 2,18
сцепление портер,1708
сцепление портер 1,714
сцепление портер 1 тагаз,33
сцепление портер 1 тагаз артикул,9
сцепление портер 2,369
сцепление портер купить,119
сцепление портер тагаз,124
сцепление портер цена,92
сцепление хендай портер,541
сцепление хендай портер 1,196
сцепление хендай портер 2,137
сцепление хендай портер тагаз,35
сцепление хендай портер цена,31
сцепление хундай портер,77
сцепление хундай портер 1,18
сцепление хундай портер 2,10
сцепления портер 1 цена,45
таблица предохранителей хендай портер 2,5
тагаз портер прокладка,147
тахометр портер,121
тахометр портер 1,72
тахометр хендай портер,39
тент чехол на кузов авто портер 2,5
теплообменник портер,29
теплообменник портер 2,12
термостат на портер 1 тагаз,11
термостат портер,467
термостат портер 1,244
термостат портер 1 купить,21
термостат портер 1 цена,9
термостат портер тагаз,50
термостат хендай портер,171
термостат хендай портер 1,73
тнвд hyundai porter,92
тнвд hyundai porter 1,21
тнвд porter,145
тнвд porter 1,30
тнвд porter tagaz,11
тнвд porter tagaz таганрог,9
тнвд на портер 1 бу цена,11
тнвд на портер 1 купить б у,10
тнвд портер,1537
тнвд портер 1,847
тнвд портер 1 артикул,6
тнвд портер 1 бу,45
тнвд портер 1 купить в москве,24
тнвд портер 1 новый,36
тнвд портер 1 цена,96
тнвд портер 1 цена москве,42
тнвд портер 2,128
тнвд портер бу,50
тнвд портер бу купить,21
тнвд портер датчики,60
тнвд портер купить,192
тнвд портер тагаз,79
тнвд портер цена,112
тнвд портера в аварии,6
тнвд хендай портер,440
тнвд хендай портер 1,215
тнвд хендай портер 1 цена,18
тнвд хендай портер 2,36
тнвд хендай портер тагаз,31
тнвд хендай портер цена,25
тнвд хундай портер,107
тнвд хундай портер 1,40
топливная система портер,138
топливная система портер 1,43
топливная система портер 2,34
топливная система портер 2 дизель,10
топливная система хендай портер,49
топливная система хендай портер 1,18
топливная система хендай портер 2,10
топливный бак портер,175
топливный бак портер 1,49
топливный бак хендай портер,62
топливный датчик портер,70
топливный датчик хендай портер,20
топливный насос porter,29
топливный насос портер,215
топливный насос портер 1,84
топливный насос портер 2,35
топливный насос хундай портер,22
топливный фильтр porter 1,12
топливный фильтр портер,879
топливный фильтр портер 1,332
топливный фильтр портер 1 дизель,23
топливный фильтр хендай портер,337
топливный фильтр хендай портер 1,114
топливный фильтр хендай портер 1 дизель,6
топливный фильтр хендай портер 2 цена оригинал,10
тормоза портер 1,178
тормоза портер тагаз,19
тормоза хендай портер,138
тормозная жидкость портер 1,48
тормозная система портер,85
тормозная система портер 1,35
тормозная система хендай портер,41
тормозной механизм портер,22
тормозной суппорт портер,66
тормозной цилиндр портер,252
тормозной цилиндр портер 1,137
тормозной цилиндр портер 2,21
тормозной цилиндр портер тагаз,28
тормозной цилиндр хендай портер,65
тормозные барабаны портер,118
тормозные барабаны хендай портер,31
тормозные диски хендай портер,79
тормозные диски хендай портер 1,42
тормозные колодки портер 1,110
тормозные колодки портер 2,65
тормозные колодки портер 2 передние,5
тормозные колодки портер тагаз,56
тормозные трубки портер,73
торпеда портер,124
торпеда портер 1,58
трапеция дворников портер,79
трапеция дворников портер 1,39
трапеция на портер,29
трапеция портер 1,64
трапеция портер 2,62
трапеция стеклоочистителя портер,50
трапеция стеклоочистителя портер 1,15
трапеция стеклоочистителя портер 2,21
трос кпп портер,83
трос кпп портер 1,39
трос кпп хендай портер 1,11
трос переключения передач портер,31
трос переключения портер,39
трос ручника портер,93
трос ручника портер 1,38
трос ручника портер 2,24
трос ручника портер тагаз,22
трос ручника портер тагаз длинный,7
трос ручника хендай портер,24
трос ручного тормоза портер,40
трос ручного тормоза портер 1,18
трос ручного тормоза портер тагаз,12
трос спидометра портер,93
трос спидометра портер 1,51
трос спидометра портер тагаз,13
трос спидометра хендай портер,25
трос спидометра хендай портер 1,13
трос сцепления портер 1,17
тросик спидометра портер,62
тросик спидометра портер 1,38
тросик спидометра хендай портер,33
труба выхлопная портер,45
труба приемная на портер 1,32
трубка гур портер,31
трубка гур портер 1,17
трубка масляная портер 1,30
трубка обратки портер,38
трубка обратки портер 1,15
трубка охлаждения портер,58
трубка охлаждения турбины портер,32
трубка охлаждения турбины портер 1,20
трубка портер,549
трубка портер 1,261
трубка тормозная портер 1,29
трубка турбины портер 1,40
трубки масляного радиатора на портер 1,14
трубки масляного радиатора портер,35
трубки тормозные хендай портер,32
турбина hyundai porter,56
турбина porter,86
турбина porter 1,24
турбина на портер 1 цена москве,8
турбина на портер москва,32
турбина портер,1634
турбина портер 1,786
турбина портер 1 тагаз,74
турбина портер 1 цена,49
турбина портер 2,216
турбина портер 2 цена,6
турбина портер купить,201
турбина портер тагаз,144
турбина портер цена,67
турбина хендай портер 1,169
турбина хендай портер 1 тагаз,25
турбина хендай портер 2,54
турбина хендай портер тагаз,40
турбина хундай портер,91
турбины портер купить в москве,27
турбокомпрессор портер,45
турбокомпрессор портер 1,24
тяга реактивная портер,99
тяга рулевая портер 1,28
угловой редуктор хендай портер,14
углы наклона фар на портере 1,11
уголок кузова для портера,10
указатель поворота на портер,5
улицы разбитых фонарей портер или уроки английского,5
уплотнитель двери портер,48
уплотнитель двери портер 1,30
уплотнитель стекла портер,24
усиленные рессоры портер 1,32
усилитель бампера портер,42
усилитель бампера портер 1,35
усилитель хендай портер,43
фар для портер хендай,28
фара hyundai porter,54
фара porter,93
фара задняя портер стекло,5
фара портер,964
фара портер 1,431
фара портер 1 купить,49
фара портер 2,178
фара противотуманная портер,158
фара противотуманная портер 1 тагаз,8
фара противотуманная портер 2,27
фара противотуманная хендай портер,66
фара хендай портер 1 купить,28
фара хендай портер 2,46
фары портер купить,103
фары портер тагаз,34
фары хендай портер 1,155
фильтр воздушный porter,58
фильтр воздушный porter 1,9
фильтр воздушный портер,356
фильтр воздушный портер 1,134
фильтр воздушный портер 1 артикул,13
фильтр воздушный портер 2 артикул,8
фильтр воздушный портер тагаз,36
фильтр воздушный портер тагаз артикул,17
фильтр воздушный хендай портер,128
фильтр воздушный хендай портер 1,46
фильтр воздушный хундай портер,39
фильтр масляный porter,78
фильтр масляный porter 1,8
фильтр масляный porter тагаз,18
фильтр масляный портер 1,180
фильтр масляный портер 1 артикул,34
фильтр масляный портер 1 тагаз,22
фильтр масляный портер 1 тагаз артикул,15
фильтр масляный портер 2,57
фильтр масляный портер тагаз,79
фильтр масляный портер тагаз артикул,30
фильтр масляный хендай портер 1,68
фильтр масляный хендай портер 1 тагаз,16
фильтр масляный хендай портер 1 тагаз артикул,12
фильтр масляный хендай портер 2,17
фильтр масляный хендай портер тагаз,26
фильтр масляный хундай портер,21
фильтр портер 1,810
фильтр салона портер,53
фильтр салона портер 1,19
фильтр салона портер 2,16
фильтр топливный hyundai porter,48
фильтр топливный porter,87
фильтр топливный porter 2,19
фильтр топливный портер 1 артикул,21
фильтр топливный портер 1 купить,17
фильтр топливный портер 1 оригинал,6
фильтр топливный портер 2,213
фильтр топливный портер 2 артикул,7
фильтр топливный портер тагаз,56
фильтр топливный портер тагаз артикул,23
фильтр топливный с подкачкой на портер купить,9
фильтр топливный хендай портер тагаз,28
фильтр топливный хундай портер,43
фильтр хендай портер,796
фильтра портер 2,454
фильтра портер тагаз,191
фильтра хендай портер 1,288
фильтры hyundai porter,169
фонари задние хундай портер,23
фонарь hyundai porter,36
фонарь задний porter,42
фонарь задний портер 1,152
фонарь задний портер 2,61
фонарь портер,446
фонарь портер 1,177
фонарь портер тагаз,21
фонарь хундай портер,47
форсунка porter,97
форсунка porter 2,21
форсунка омывателя портер,51
форсунка портер,1004
форсунка портер 1,382
форсунка топливная porter,8
форсунка топливная портер 1,21
форсунка топливная портер 2,24
форсунка хендай портер 2,74
форсунки hyundai porter,51
форсунки porter 1,16
форсунки на портер 2 цена,11
форсунки на портер цена,24
форсунки на хендай портер 1 цена,6
форсунки портер 1 цена,28
форсунки портер 2,274
форсунки портер 2 евро 4,12
форсунки портер 2 евро 5,27
форсунки портер тагаз,60
форсунки топливные портер,53
форсунки хендай портер,336
форсунки хендай портер 1,107
форсунки хендай портер купить,21
форсунки хендай портер цена,18
форсунки хундай портер,102
хвостовик вилка карданного вала хендай портер 2000г,6
хвостовик вилка мкпп хендай портер 2000г,14
хендай портер 1 5 92 года зажигание,8
хендай портер 1 верхний рычаг,39
хендай портер 1 глушитель в сборе цена,11
хендай портер 1 датчики масла,54
хендай портер 1 задние амортизаторы,21
хендай портер 1 коврики кабины,7
хендай портер 1 колодки тормозные,42
хендай портер 1 комплект сцепления,8
хендай портер 1 купить аккумулятор,33
хендай портер 1 масло в двигатель,55
хендай портер 1 масло в коробку,28
хендай портер 1 не переключается направления воздуха,6
хендай портер 1 патрубки,25
хендай портер 1 передние рычаги цена,8
хендай портер 1 провод акб плюс цена,10
хендай портер 1 реле стартера,32
хендай портер 1 рулевые наконечники,15
хендай портер 1 салон,50
хендай портер 1 сцепление купить,28
хендай портер 1 топливный насос,46
хендай портер 1 усилитель переднего бампера,20
хендай портер 1 усилитель переднего бампера автотрейд,8
хендай портер 1 фильтр масляный артикул,16
хендай портер 1 электронный тнвд,20
хендай портер 2 воздушный фильтр,26
хендай портер 2 диски купить,26
хендай портер 2 задние колодки,43
хендай портер 2 задний мост,21
хендай портер 2 купить турбину,8
хендай портер 2 лобовое стекло оригинал,7
хендай портер 2 масло в двигатель,33
хендай портер 2 мост,25
хендай портер 2 передний суппорта,10
хендай портер 2 перестал заводиться на холодную,6
хендай портер 2 предохранители,143
хендай портер 2 рессоры,41
хендай портер 2 салон,28
хендай портер 2 фильтр топливный,91
хендай портер 4х4 двойная кабина,23
хендай портер бампер передний,78
хендай портер бачок тормозной жидкости,27
хендай портер блок предохранителей,123
хендай портер блок цилиндров,54
хендай портер вакуумный насос,29
хендай портер верхний рычаг,68
хендай портер включаются 2 передачи,10
хендай портер гидроусилитель руля,18
хендай портер глушитель,144
хендай портер датчик аварийного давления масла,8
хендай портер датчик давления масла,54
хендай портер датчик коленвала,48
хендай портер датчика уровня масла,40
хендай портер дверь левая,72
хендай портер дверь правая,20
хендай портер двигатель,1641
хендай портер двигатель 2 5 дизель,12
хендай портер двигатель d4bf,27
хендай портер двойная кабина,33
хендай портер двойная кабина купить,12
хендай портер диски купить,157
хендай портер дубль кабина,13
хендай портер заглох на ходу,19
хендай портер задние тормозные колодки,51
хендай портер задний мост,110
хендай портер задняя рессора,45
хендай портер замок зажигания,47
хендай портер запаска,24
хендай портер кабина бу,13
хендай портер колеса,430
хендай портер коробка,283
хендай портер кузов,357
хендай портер купить аккумулятор,82
хендай портер лампа ближнего света,33
хендай портер литые диски,15
хендай портер масла,984
хендай портер масло в двигатель,167
хендай портер масло в задний мост,25
хендай портер обшивка двери,28
хендай портер относится бачок,5
хендай портер охлаждающая жидкость,57
хендай портер печка радиатора,174
хендай портер подвеска,94
хендай портер подшипник передней ступицы,14
хендай портер полный привод,23
хендай портер поршня,45
хендай портер привод спидометра,14
хендай портер приемная труба,13
хендай портер проводка,62
хендай портер рабочий цилиндр сцепления,38
хендай портер радиатор охлаждения,35
хендай портер ремни грм,202
хендай портер рулевые наконечники,36
хендай портер ручка двери внутренняя левая,6
хендай портер салон,152
хендай портер свечи накаливания,152
хендай портер сигнал,119
хендай портер силовые предохранители,23
хендай портер стойки стабилизатора,31
хендай портер тагаз фильтра,77
хендай портер тнвд механический,15
хендай портер топливный насос,105
хендай портер тормоза педаль,20
хендай портер тормозная жидкость,88
хендай портер тормозные колодки,127
хендай портер трубка охлаждения,15
хендай портер турбина,394
хендай портер тяга реактивная,24
хендай портер фары купить,50
хендай портер фильтр масляный,153
хендай портер чехлы на сиденья,27
хендай портер чехлы на сиденья купить,12
хендай портер шкив коленвала,64
холостой ход на портере,102
холостой ход хендай портер,52
хундай двери портер,72
хундай портер 1 б у кабина,10
хундай портер d4cb 2 5 крышка верхняя уплотнение,6
хундай портер d4cb 2 5 прокладка поддона,7
хундай портер задние колодки,24
хундай портер печка,144
хундай портер рвет ремень балансира,5
хундай портер стартер,70
цена помпа портер,50
цена турбины хендай портер,22
ценностей м портера это инструмент стратегического анализа,38
ценностей портера это инструмент стратегического анализа,51
центральный замок на портер 1,5
цилиндр портер,952
цилиндр сцепления портер,405
цилиндр сцепления портер 1,180
цилиндр сцепления портер 2,101
цилиндр сцепления портер тагаз,31
цилиндр сцепления хендай портер,137
цилиндр сцепления хендай портер 1,44
цилиндр тормозной задний левый портер 1,5
цилиндр тормозной задний портер 1,57
чехлы на сидения хендай портер 1,17
чехлы на сиденья портер 1,46
чехлы сидений портер,80
чехол на портер 1 для салона,6
шайба верхних сайлентблоков портер 2,8
шайба форсунки портер 1,20
шаровая опора верхняя портер,25
шаровая опора портер,156
шаровая опора портер 1,75
шаровая опора портер 1 нижняя,33
шаровая опора портер 2,29
шаровая опора хендай портер 1,26
шаровая опора хендай портер 1 нижняя,16
шина porter,158
шинах hyundai porter б у,17
шины hyundai porter 2,16
шкив коленвала портер,149
шкив коленвала портер 1,67
шкив коленвала хендай портер 1,32
шланг генератора портер,49
шланг генератора портер 1,31
шпилька заднего колеса портер 2,13
шпилька колеса портер,77
шпилька колеса портер 1,25
шпилька колеса портер 2,17
штампованные диски на хендай портер,14
щетка стеклоочистителя портер,85
щетки генератора портер,53
щетки генератора портер 1,21
щетки генератора портер 2,16
щетки стартера портер 1,8
щетки стеклоочистителя портер 1,46
щетки стеклоочистителя портер 2,15
щиток приборов портер,115
щиток приборов портер 1,85
щиток приборов портер 1 значение лампочек,6
щиток приборов портер 2,6
щиток приборов хендай портер,57
щиток приборов хендай портер 1,37
щуп масла портер,66
щуп уровня масла портер,19
электромагнитный клапан отсечки топлива портер 1,6
электромагнитный клапан портер,27
энни портер в фильме скорость,9
энни портер в фильме скорость 1994 года,6
ящик акб портер,27
ящик акб портер 1,5
ящик акб портер 2,8
ящик для аккумулятора на портер,35
ящик для аккумулятора на портер 1 купить,7
