Фраза,Базовая частота [YW]
hd78 двигатель,397
сцепление hd78,236
рессора hd78,234
кабина hd78,220
печка hd78,201
предохранители hd78,190
диски hd78,186
колодки hd78,186
форсунки hd78,170
фонарь hd78,153
фильтр топливный hd78,152
цилиндр тормозной hd78,148
шины для hyundai hd78,142
дверь hd78,142
зеркало hd78,141
фара hd78,137
ступица hd78,136
шины 7 50 r16 для hyundai hd78,134
блоки hd78,127
реле hd78,124
фильтры на hd78,118
спидометр hd78,112
фильтр воздушный hd78,110
тнвд hd78,107
генератор hd78,104
hyundai hd78 фильтры,102
радиатор hd78,99
турбина hd78,95
тормоз горный hd78,92
резина hd78,92
фонарь задний hd78,91
фильтр масляный hd78,88
каталог hd78,86
панель приборов hd78,81
редуктор hd78,80
предохранители хендай hd78,76
шины на hd78,74
аккумулятор на hd78,68
передние рессоры hd78,63
колодки тормозные hd78,62
рессора задняя hd78,62
кабина hyundai hd78,62
панель hyundai hd78,59
ступица задняя hd78,57
глушитель hd78,55
двигатель хундай hd78,52
лобовое стекло hd78,50
корпус фильтра воздушного hd78,49
подвесной подшипник hd78,49
тормозной цилиндр задний hd78,47
наконечник hd78,46
аккумулятор хундай hd78,45
капот hd78,44
дворники hd78,44
главный тормозной цилиндр hd78,44
топливный бак hd78,43
датчик скорости hd78,43
фонарь габаритный hd78,42
сиденье хендай hd78,40
крестовина hd78,38
сайлентблок hd78,38
поворотник hd78,38
рама на hd78,38
ступица передняя hd78,36
кпп hyundai hd78,36
замок зажигания hd78,36
амортизатор hd78,34
шкворня hd78,33
бампер hd78,32
фильтр масляный hyundai hd78,31
ступица хендай hd78,31
решетка радиатора hd78,31
hd78 ремонт форсунок,30
предохранитель хундай hd78,30
колдун hd78,29
балка hd78,28
форсунка d4dd hd78,28
радиатор печки hd78,27
фильтр салона hd78,27
кабина хундай hd78,27
акб на hd78,27
цилиндр сцепления рабочий hd78,27
диск хундай hd78,26
спойлер hd78,25
масло в кпп hd78,25
блок предохранителей hd78,25
тяга рулевая hd78,25
панель приборов hyundai hd78,24
подрессорник hd78,24
чехлы на hd78,24
тнвд hd78 d4dd,24
задний фонарь хундай hd78,23
крыло hd78,23
интеркулер hd78,23
сальник задней ступицы hd78,22
каталог hyundai hd78,22
кардан hd78,22
фильтр топливный hd78 d4dd,21
hd78 обогрев зеркал,20
барабан тормозной hd78,20
педаль газа hd78,20
диск сцепления hd78,19
помпа hd78,19
каталог хендай hd78,19
комплект сцепления hd78,19
выпускной коллектор hd78,19
колеса на хундай hd78,19
мотор отопителя hd78,18
подшипник передней ступицы hd78,18
обтекатель hd78,18
аккумулятор hd78 купить,18
палец рессоры hd78,18
блок управления двигателя hd78,17
глушитель hyundai hd78,17
hd78 d4ga нет тяги,16
датчик заднего хода hd78,16
комбинация приборов hd78,16
сайлентблок передней рессоры hd78,16
прокачка тормозов hd78,16
ширина рамы hd78,16
глушитель хундай hd78,16
тяга продольная hd78,16
клапан тнвд hd78,15
появилась тряска на двигателе хендай hd78,15
ветровики hd78,15
трубка топливная hd78,14
хендэ hd78 задний тормозной цилиндр,14
провод массы hd78,14
хендай hd78 отсоединить регулятор тормозных сил,13
личинка замка зажигания hd78,13
бампер передний hd78,13
фильтр воздушный hd78 d4dd,13
стопор подшипника первичного вала hd78,13
бачок расширительный hd78,13
колодки тормозные hyundai hd78,13
намордник на hd78,12
гайка колесная hd78,12
фильтр масляный d4dd hd78,12
гайка задней ступицы hd78,12
купить колодки на хундай hd78,12
hyundai hd78 номер рамы,12
дворники hd78 размер,11
установка неродного цилиндра сцепления на хендай hd78,11
автомагнитола hyundai hd78,11
моторчик печки хундай hd78,11
крестовина карданного вала hd78,11
hd78 ремонт форсунок г домодедово,11
главный тормозной цилиндр хундай hd78,11
подшипник подвесной hd78 купить в вао москвы,11
панель обивки задней стойки hyundai hd78,11
балка передняя hd78,11
прокладка крышки головки цилиндра на hyundai hd78,10
рулевые наконечники на hd78,10
hyundai hd78 тент,10
снять переднюю панель капота hyundai hd78,10
клапан тнвд hd78 d4dd,9
аксессуары хендай hd78,9
хендай hd78 с двигателем d4ga утепление,9
топливный бак хендай hd78,9
снять поставить коробку hd78 цена,9
купить новую мкпп хендай hd78 d4dd,9
габаритный фонарь фургона hd78,9
накладка фары хендай hd78,9
распиновка магнитолы hyundai hd78,9
купить стекло лобовое на хендай hd78,9
стремянка крепления передней рессоры hd78,8
пальцы в задней рессоры hd78,8
hd78 d4ga тормозить двигателем,8
рессора передняя hyundai hd78,8
форум замена цилиндра сцепления hd78,8
диагностический разъем hyundai hd78,8
защита задних фонарей хендай hd78,8
купить левый поворотник на хендай hd78,8
какое можно поставить сиденье в хендай hd78,8
какую марку турбины купить на хендай hd78,8
глушитель для hyundai hd78 лучшая цена,8
электросхема свечей накала hd78,8
хендай hd78 сколько лить масла в коробку,8
стремянка передней рессоры hd78,8
боковое стекло на хундай hd78,8
бачок тормозной жидкости hyundai hd78,8
термостат для хендай hd78,8
трубка тнвд хендай hd78,8
hyundai hd78 посоветуйте зимние шины липучка,7
hd78 обогрев зеркал не работает,7
сколько масло в двигателе hyundai hd78,7
щетки стеклоочистителя хендай hd78,7
подрессорник передний hd78,7
не работает генератор на хендай hd78,7
зеркало правое в сборе хендай hd78,7
зеркало бордюрное заднего вида hyundai hd78,7
hd78 d4ga 2 лампочки чека нет тяги,7
как завтулить балку hyundai hd78,7
поперечина рамы крепления подвесного подшипника hyundai hd78,7
купить глушитель на hd78,7
купить резину на хундай hd78,7
отбойник рессоры hd78,7
части кузова хендай hd78 купить,7
преобразователь 24 12 на hd78,7
рессора задняя hyundai hd78 hd72 55100 5h500,7
как подтянуть тросик ручника на hyundai hd78,7
турбина hd78 ремонт,7
монтажные размеры рамы hd78,7
какое масло заливать в hyundai hd78,7
хендай hd78 не работает спидометр тахограф работает,7
hd78 hyundai трапеция как поменять,7
предохранитель 60а hd78,7
обнуление электронного спидометра на хендай hd78,6
генератор ремень на hd78,6
датчик уровня топлива hd78,6
реле поворотов на хендай hd78,6
комплект сцепления hd78 d4dd,6
гул в рулевом редукторе hyundai hd78,6
как заменить траверсу кабины hd78,6
как выпрямить капот hyundai hd78 в спб,6
ремонт форсунок hd78 в нижнем новгороде,6
пропали габаритные огни hd78,6
купить коленвал на хендай hd78,6
свеча накала hd78 d4dd,6
масло в кпп хундай hd78,6
форсунка hd78 евро 3,6
кнопка сигнала на хендай hd78,6
проводка для магнитолы hyundai hd78,6
купить форсунку на хендай hd78 d4dd дешево,6
купить реснички на хендай hd78,6
hd78 d4ga евро 5 какое масло залить,6
хендай hd78 не работает панель причины,6
главный тормозной цилиндр алюмин hyundai hd78 d4dd,6
амортизатор хендай hd78 купить,6
мотор отопителя хендай hd78,6
маркировка коробки передач хендай hd78,6
форсунки хундай hd78 евро 3 купить,6
как развести колодки у хендай hd78,6
реле заднего фонаря hd78,6
штифт гтц hd78 как вытащить,6
спойлер на крышу hd78,6
ремень генератора на хендай hd78,5
фильтр осушитель hd78,5
москва купить передние колодки для hyundai hd78,5
подшипник подвесной hd78 70 110,5
сейф для аккумулятора hd78,5
коврики салона hyundai hd78,5
решетка радиатора hyundai hd78 863105l002,5
бескамерные колеса на hyundai hd78,5
амортизатор передний hd78,5
беспрерывно работают стеклоочистители хундай hd78,5
трос включения передач hd78 красный,5
hyundai hd78 печка в сборе,5
ремкомплект на форсунки для hd78,5
датчик уровня тормозной жидкости на хендай hd78,5
диагностика спидометра хендэ hd78,5
контрактные кпп на hyundai hd78 d4dd,5
хендай hd78 вилка сцепления нижний новгород,5
опора карданного вала hyundai hd78,5
kuzbas hd78 3797kt 2011г передние рессоры артикул,5
генератор hd78 150a,5
hyundai hd78 стекло верхнего габаритного фонаря кабины,5
решетка радиатора на hyundai hd78,5
крестовина карданного вала hd78 оригинал,5
рессора hyundai hd78 дв d4dd kuzbass,5
насос тнвд на хендай hd78,5
замена троса кпп на hd78,5
разбор двери hyundai hd78,5
hyundai hd78 габаритные фонари на кабине,5
перестала работать печка на хундай hd78,5
сальник передней ступицы hd78,5
датчик оборотов коленвала hd78,5
подушки пневмо для hyundai hd78,5
сделать подсветку приборов на хендай hd78,5
хендай hd78 солдатик сцепления,5
утепляющий намордник на хундай hd78,5
как поменять лобовое стекло на hd78,5
ступица передняя hyundai hd78,4
купить крышку топливного бака на хендай hd78,4
подвесной подшипник на хундай hd78,4
купить вакуумный усилитель сцепления на хендай hd78,2
запчасти hd 78,1024
hd 78 двигатель,781
hd 78 фильтра,750
запчасти хендай hd 78,576
тормоза hd 78,558
предохранители hd 78,545
диск hd 78,498
рессоры hd 78,474
двигатель хендай hd 78,454
кпп hd 78,420
кабина hd 78,413
печка hd 78,409
фильтры хендай hd 78,369
масла hd 78,368
форсунка hd 78,357
предохранители хендай hd 78,347
тормозов хендай hd 78,342
колодки hd 78,329
фильтр топливный hd 78,300
колеса hd 78,300
запчасти hyundai hd 78,297
фара hd 78,265
клапан hd 78,256
каталог hd 78,237
печка хендай hd 78,237
hd 78 дверь,235
кабина хендай hd 78,231
рессора хендай hd 78,223
горный тормоз hd 78,221
диски на хендай hd 78,214
хендай hd 78 масло,211
колодки хендай hd 78,210
ступица hd 78,205
шкворня hd 78,197
стекло hd 78,195
тормозной цилиндр hd 78,190
аккумулятор на hd 78,184
генератор hd 78,184
резина на hd 78,182
бак топливный hd 78,175
фонарь задний hd 78,166
сидение hd 78,166
рама hd 78,164
hd 78 каталог запчастей,163
подвесной подшипник hd 78,161
шины на hd 78,160
кпп хендай hd 78,155
турбина hd 78,152
топливные фильтры хендай hd 78,149
резина на хендай hd 78,148
спидометр hd 78,148
мост hd 78,148
реле хендай hd 78,148
hyundai hd 78 двигатель,146
горный тормоз хендай hd 78,138
зеркало hd 78,136
рессора hd 78 задняя,136
фильтр масляный hd 78,136
сцепление хендай hd 78,133
стартер hd 78,133
запчасти hd 78 москва,133
фонарь хендай hd 78,130
фара хендай hd 78,129
блок предохранителей hd 78,129
колодки тормозные hd 78,123
фонарь задний хендай hd 78,123
шкворень хендай hd 78,121
hyundai hd 78 фильтра,121
спойлер hd 78,118
задний мост hd 78,118
вал карданный hd 78,117
фильтр воздушный hd 78,115
рессора передняя hd 78,115
шины на хендай hd 78,111
диск колесный hd 78,110
глушитель hd 78,108
тнвд hd 78,108
подвесной подшипник хендай hd 78,107
диски hd 78 17 5,105
бампер hd 78,104
hd 78 номер рамы,103
редуктор hd 78,102
каталог хендай hd 78,102
каталог hyundai hd 78,102
генератор хендай hd 78,101
abs hd 78,99
радиатор хендай hd 78,98
стекло хендай hd 78,96
панель приборов hd 78,96
колеса на хендай hd 78,94
рессора hyundai hd 78,93
хендай hd 78 двигатель d4dd,91
спидометр хендай hd 78,90
купить форсунки hd 78,89
коробка передач hd 78,88
диски на hd 78 купить,88
шпильки hd 78,87
купить диск на хендай hd 78,87
крестовина hd 78,86
лампочки хендай hd 78,85
блок предохранителей хендай hd 78,85
тент hd 78,85
радиатор печки hd 78,83
фара противотуманная hd 78,83
бак на хендай hd 78,82
каталог запчастей хендай hd 78,82
свечи накала хендай hd 78,81
предохранители hyundai hd 78,81
подшипник ступицы hd 78,81
лобовое стекло hd 78,80
передняя ступица hd 78,80
зеркало хендай hd 78,79
реле поворотов hd 78,79
главный тормозной цилиндр hd 78,78
сцепление на hd 78,78
трос кпп hd 78,78
топливный насос hd 78,78
какие аккумуляторы на хендай hd 78,77
купить резину hd 78,75
задняя рессора хендай hd 78,75
масло hyundai hd 78,75
диски 17 5 на хендай hd 78,75
кабина hd 78 купить,75
сиденье хендай hd 78,75
форсунки hd 78 d4dd,74
рама хендай hd 78,73
обтекатель hd 78,71
турбина хендай hd 78,70
замена колодок hd 78,70
датчик скорости hd 78,70
коробка передач хендай hd 78,70
ремень генератора hd 78,69
акб на hd 78,69
hd 78 масло в двигатель,69
дверь на хендай hd 78,68
сальник ступицы hd 78,68
главный цилиндр хендай hd 78,68
тормозные колодки хендай hd 78,68
стартер хендай hd 78,67
hyundai hd 78 каталог запчастей,67
карданный вал хендай hd 78,67
панель приборов хендай hd 78,66
диск колесный хендай hd 78,64
коврики hd 78,64
ступица задняя hd 78,63
где предохранители hd 78,63
спойлер на хендай hd 78,63
хендай hd 78 фильтр масляный,63
хендай hd 78 ступица,63
купить запчасти hd 78,63
hd 78 объем бака,62
hyundai hd 78 кпп,62
купить резину на хендай hd 78,61
салонный фильтр hd 78,59
вискомуфта hd 78,59
сиденье hyundai hd 78,58
hd 78 каталог запчастей онлайн,58
крестовина хендай hd 78,58
бампер хендай hd 78,57
предохранители хендай hd 78 на русском,57
колодки передние hd 78,57
онлайн каталог хендай hd 78,55
замена шкворней hd 78,54
главный тормозной цилиндр хендай hd 78,54
хендай hd 78 тент,54
кабина hyundai hd 78,53
замена масла hd 78,53
рулевой наконечник hd 78,53
хендай hd 78 каталог запчастей онлайн,52
ремонт кпп hd 78,52
hd 78 пневмоподвеска,52
масло в двигатель хендай hd 78,52
рессора передняя хендай hd 78,51
задний мост хендай hd 78,51
фара hyundai hd 78,51
hd 78 магнитола,51
купить запчасти хендай hd 78,50
номер рамы хендай hd 78,50
хендай hd 78 лобовое стекло,50
приборная панель hd 78,50
hd 78 размер шин,49
фильтр топливный hyundai hd 78,49
hd 78 вакуумный усилитель,49
датчик скорости хендай hd 78,49
hyundai hd 78 колеса,49
цилиндр сцепления hd 78,48
глушитель хендай hd 78,48
ручник хендай hd 78,48
блок абс hd 78,48
диски бескамерные hd 78,48
как подтянуть ручник на hd 78,48
форсунки hyundai hd 78,47
акб на хендай hd 78,47
топливный бак на хендай hd 78,46
купить форсунки на хендай hd 78,45
аккумулятор для хендай hd 78,45
тнвд хендай hd 78,45
подшипник карданного вала hd 78,44
замена шкворня хендай hd 78,44
двигатель hd 78 купить,44
hd 78 не работает спидометр,44
как развести колодки на hd 78,44
какие аккумуляторы стоят на хендай hd 78,44
предохранители hd 78 расшифровка,43
колодки hyundai hd 78,43
как развести колодки на хендай hd 78,43
хендай hd 78 где предохранители,43
резина на хендай hd 78 цены,43
рулевая тяга hd 78,43
hd 78 сальник коленвала,42
регулировка клапанов hd 78,42
hd 78 диск сцепления,42
задний редуктор hd 78,42
фильтр салона hd 78,42
стеклоподъемник hd 78,41
замена сцепления hd 78,41
печка радиатора хендай hd 78,41
редуктор хендай hd 78,41
салонный фильтр хендай hd 78,41
дверь hyundai hd 78,41
подшипник передней ступицы hd 78,41
задний тормозной цилиндр hd 78,40
объем топливного бака hd 78,40
кардан hd 78,40
сигнал hd 78,40
редуктор моста hd 78,40
шпильки хендай hd 78,40
редуктор заднего моста hd 78,40
стояночный тормоз hd 78,39
капот hd 78,39
хендай hd 78 поворотник,39
блок управления хендай hd 78,38
hd 78 колодки задние,38
сальник задней ступицы hd 78,38
запчасти для хендай hd 78 в москве,38
обтекатель на хендай hd 78,38
объем бака хендай hd 78,37
объем двигателя hd 78,37
подвесной подшипник карданного вала hd 78,37
фильтр воздушный хендай hd 78,37
замок зажигания hd 78,37
сепаратор hd 78,37
чехлы на hd 78,37
лист рессоры hd 78,36
трос кпп хендай hd 78,36
радиатор отопителя hd 78,36
амортизаторы хендай hd 78,35
педаль газа hd 78,35
палец рессоры hd 78,35
давление в шинах hd 78,35
термостат хендай hd 78,35
форсунка топливная hd 78,35
штуцер на hyundai hd 78,35
решетка радиатора hd 78,35
купить кабину хендай hd 78,34
замена тормозных колодок hd 78,34
проводка hd 78,34
фара противотуманная хендай hd 78,34
как прокачать тормоза hd 78,34
хендай hd 78 размер шин,34
предохранители хендай hd 78 на русском языке,33
резина на хендай hd 78 цены грузовые,33
помпа hd 78,33
рама hyundai hd 78,33
щиток приборов hd 78,33
abs hyundai hd 78,33
hd 78 масло в кпп,33
блок абс хендай hd 78,32
хендай hd 78 ремень генератора,32
купить колеса на хендай hd 78,32
дверь левая hd 78,32
корпус фильтра hd 78,32
реле свечей накала хендай hd 78,32
двс hd 78,32
hyundai hd 78 двигатель d4dd,32
объем топливного бака хендай hd 78,31
тнвд hd 78 d4dd,31
купить хендай hd 78 с тентом,31
спойлер на hd 78 купить,31
пневмоподвеска на хендай hd 78,31
сцепление hyundai hd 78,31
задние кронштейны крыла hd 78,31
противотуманки hd 78,30
подвесной подшипник карданного вала хендай hd 78,30
втулка рессоры hd 78,30
крестовина карданного вала hd 78,30
hyundai hd 78 бак,30
хендай hd 78 антифриз,30
купить бампер хендай hd 78,30
форсунки hd 78 цена,30
купить спойлер на хендай hd 78,29
купить стартер hd 78,29
автозапчасти hd 78,29
спойлер hyundai hd 78,29
реле стартера hd 78,29
чехлы на хендай hd 78,29
горный тормоз hyundai hd 78,28
трос переключения передач hd 78,28
двигатель в сборе hd 78,28
замена масла хендай hd 78,28
hyundai hd 78 блок предохранителей,28
замена рессоры hd 78,28
фильтр масляный хендай hd 78 артикул,28
расположение предохранителей hd 78,28
тормозной цилиндр hyundai hd 78,28
масло в коробку hd 78,28
купить задний фонарь хендай hd 78,28
фильтр топливный hd 78 d4dd,27
фильтр масляный hyundai hd 78,27
hd 78 колодки тормозные передние,27
hd 78 объем масла,27
запчасти хендай hd 78 купить в москве,27
сколько масла в двигателе hd 78,27
ступичный подшипник hd 78,26
мотор отопителя hd 78,26
коробка отбора мощности hd 78,26
подводим колодки hd 78,25
двигатель хундай hd 78,25
hyundai hd 78 топливный бак,25
как прокачать тормоза на хендай hd 78,24
бескамерные диски на хендай hd 78,24
тормозной цилиндр на хендай hd 78,24
коврики хендай hd 78,24
не работает печка хендай hd 78,24
рабочий цилиндр сцепления hd 78,24
обтекатель hyundai hd 78,24
термостат на hd 78,24
номер двигателя хендай hd 78,24
лампы ближнего света хендай hd 78,24
расположение предохранителей хендай hd 78,24
купить дверь на хендай hd 78,23
балка hd 78,23
замена подвесного подшипника хендай hd 78,23
замена рессор хендай hd 78,23
объем двигателя хендай hd 78,23
штуцер топливного насоса на hyundai hd 78,23
хендай hd 78 сальник ступицы,23
крюк буксирный задний на hd 78,23
форсунки для хендай hd 78,23
купить двигатель хендай hd 78,23
прокачка тормозов hd 78,23
hyundai hd 78 подвесной подшипник,23
тяга продольная hd 78,23
замена подвесного подшипника hd 78,23
hyundai hd 78 рессора задняя,23
хендай hd 78 замена тормозных колодок,23
щиток приборов хендай hd 78,22
фильтр салона хендай hd 78,22
ремонт кпп хендай hd 78,22
шины на hyundai hd 78,22
ремонт коробки передач хендай hd 78,22
hd 78 замок двери,22
купить генератор hd 78,22
регулировка клапанов хендай hd 78,22
рулевая тяга хендай hd 78,22
фильтр воздушный hyundai hd 78,22
передняя панель hd 78,22
генератор hyundai hd 78,22
форсунки на хендай hd 78 двигатель d4dd,22
шторки на хендай hd 78,22
hd 78 гидроусилитель,21
датчик заднего хода hd 78,21
дисковые тормоза на hd 78,21
вакуумный усилитель тормозов hd 78,21
задняя ступица хендай hd 78,21
хвостовик хендай hd 78,21
диски на hyundai hd 78,21
ремонт редуктора hd 78,21
сколько масла в двигателе хендай hd 78,21
шины на хендай hd 78 7 5 r16lt,21
купить бак на хендай hd 78,20
рессора передняя hyundai hd 78,20
фильтр масляный hd 78 d4dd,20
хендай hd 78 замена сцепления,20
купить шины на hd 78,20
не работает горный тормоз хендай hd 78,20
замок зажигания хендай hd 78,20
реле поворотов хендай hd 78,20
щетка стеклоочистителя hd 78,20
шины для хендай hd 78 купить,20
форсунки hd 78 d4dd купить москва,20
чехлы на хендай hd 78 купить,20
автозапчасти хендай hd 78,20
диск колесный hyundai hd 78,20
запчасти hd 78 нижний новгород,20
интеркулер hd 78,20
приборная панель хендай hd 78,19
прокладка горного тормоза хендай hd 78,19
рессоры на хендай hd 78 цена,19
магнитола хендай hd 78,19
hd 78 блок управления двигателем,19
кабина hd 78 цена,19
тормозные барабаны на хендай hd 78,19
ремонт двигателя hd 78,19
купить обтекатель на хендай hd 78,19
размер дисков хендай hd 78,19
подшипник ступицы хендай hd 78,18
рулевые наконечники хендай hd 78,18
предохранитель печки хендай hd 78,18
вакуумный усилитель хендай hd 78,18
тнвд хендай hd 78 d4dd,18
редуктор заднего моста хендай hd 78,18
запчасти хендай hd 78 санкт петербург,18
диск колесный hd 78 купить,18
шпилька колеса hd 78 передняя,18
водительское сиденье хендай hd 78,18
давление в шинах хендай hd 78,18
стеклоподъемник хендай hd 78,17
hd 78 главный тормозной цилиндр замена,17
аналог хендай hd 78,17
подшипник задней ступицы hd 78,17
хендай hd 78 масло в кпп,17
hyundai hd 78 резина,17
как подвести колодки на хендай hd 78,17
хендай hd 78 какое масло в двигатель,17
hd 78 регулировка тормозов,17
купить акб на хендай hd 78,17
не греет печка hd 78,17
замена шкворней хендай hd 78 цена,17
фонарь hyundai hd 78,17
блок предохранителей хендай hd 78 на русском,16
сальник задней ступицы наружный hd 78,16
турбина hd 78 цена,16
замена прокладки гбц хендай hd 78 d4dd,16
плохие тормоза на хендай hd 78,16
крышка топливного бака хендай hd 78,16
купить шкворня на хендай hd 78,16
крестовина карданного вала хендай hd 78,16
хендай hd 78 как снять фару,16
датчик спидометра hd 78,16
приборная панель hyundai hd 78,16
тяга рулевая продольная hd 78,16
кардан хендай hd 78,16
зеркало дополнительное hd 78,16
подвести тормоза на хендай hd 78,15
купить рессоры на хендай hd 78,15
установка спойлера на хендай hd 78,15
блок управления двигателем хендай hd 78,15
шкворень hyundai hd 78,15
купить аккумулятор на хендай hd 78,15
аккумулятор на hyundai hd 78,15
крышка бензобака хендай hd 78,15
хендай hd 78 сколько литров бак,15
капот hyundai hd 78,15
форсунка на хендай hd 78 цена,15
кпп хендай hd 78 купить,15
хендай hd 78 ремонт двигателя,15
hd 78 тахограф,15
амортизаторы хендай hd 78 передние,15
спидометр hd 78 купить,15
брызговики на hd 78,15
датчик нейтрали hd 78,15
крышка бензобака hd 78,15
турбокомпрессор hd 78,15
барабан hyundai hd 78,15
антенна hd 78,14
замена крестовины на хендай hd 78,14
главный цилиндр сцепления hd 78,14
запчасти hyundai hd 78 москва,14
замена лампы ближнего света хендай hd 78,14
hd 78 двигатель d4dd мощность,14
датчик коленвала hd 78,14
акб на hyundai hd 78,14
бак для хендай hd 78 200 литров,14
реле свечей накала хендай hd 78 купить,14
фонарь задний hyundai hd 78,14
купить задний мост хендай hd 78,14
выхлопная система хендай hd 78,14
крюк буксировочный хендай hd 78,14
тормозные колодки hyundai hd 78,14
hyundai hd 78 карданный,13
hyundai hd 78 номер рамы,13
продольная рулевая тяга хендай hd 78,13
обтекатель спойлер на hyundai hd 78,13
прокачка тормозов хендай hd 78,13
шторки на хендай hd 78 купить,13
моторные масла для хендай hd 78,13
регулировка клапанов hd 78 d4dd,13
втулка передней рессоры hd 78,13
утепление кабины хендай hd 78,13
цилиндр сцепления хендай hd 78,13
аксессуары для хендай hd 78,13
сальник распредвала передний хендай hd 78 артикул,13
hd 78 реле поворотов замена,13
подушка кабины хендай hd 78,13
ремень генератора hd 78 двиг d4dd,13
запчасти хендай hd 78 екатеринбург,13
ремкомплект тормозного цилиндра hd 78,13
карта смазки hyundai hd 78,12
онлайн каталог hyundai hd 78,12
хендай hd 78 двигатель d4ga,12
сцепление в сборе на хендай hd 78,12
топливный насос на хендай hd 78 москва,12
запчасти hyundai hd 78 спб,12
как отрегулировать клапана на хендай hd 78,12
чехлы hyundai hd 78,12
пневмоподвеска на хендай hd 78 с установкой,12
ремень генератора hyundai hd 78,12
предохранитель прикуривателя хендай hd 78,12
напряжение генератора хендай hd 78,12
регулятор давления топлива hd 78,12
вал карданный hyundai hd 78,12
реле горного тормоза hyundai hd 78,12
термостат hd 78 d4dd,12
пальцы рессор hyundai hd 78,12
хендай hd 78 предохранители распиновка,12
hd 78 5 шестерня,12
как откинуть пассажирское сиденье хендай hd 78,12
глушитель hd 78 d4dd,12
глушитель hd 78 купить,12
лист рессоры хендай hd 78,12
эвакуатор хендай hd 78 гидравлический насос,12
купить кабину на хундай hd 78,12
замена радиатора печки хендай hd 78,12
какие акб стоят на хендай hd 78,12
крышка топливный фильтр hd 78 крышка,12
трос ручного тормоза hd 78,12
болт рессоры hd 78,12
размер резины hd 78,12
синхронизатор 2 3 передачи hd 78,12
решетка радиатора hyundai hd 78,12
крышка топливного бака hyundai hd 78,12
защита боковая для фургонов hd 78,11
главный тормозной цилиндр hyundai hd 78,11
корпус воздушного фильтра хендай hd 78,11
замена форсунок hd 78,11
синхронизатор 4 передачи hyundai hd 78,11
valeo phc hd 78 диск сцепления,11
подшипник ступицы hd 78 передний внутренний,11
расшифровка предохранителей хендай hd 78,11
замок на дверь хендай hd 78,11
каталог запчастей хендай hd 78 с картинками,11
клапан аварийного сброса давления hd 78,11
подшипник передней ступицы хендай hd 78,11
зеркала заднего вида на хендай hd 78,11
электростеклоподъемники на hd 78,11
абс на хендай hd 78,11
педаль газа на хендай hd 78,11
помпа хендай hd 78,11
диски на хендай hd 78 r16,11
hd 78 хендай элементы подвески,11
hd 78 двигатель d4ga не тянет,11
крыло переднее hd 78,11
мотор печки хендай hd 78,11
ремонт форсунок hd 78,11
подвесной подшипник хендай hd 78 цена,11
пальцы задней рессоры hd 78,11
не работает спидометр на хендай hd 78,10
хендай hd 78 объем масла в двигателе,10
ремонт кпп hd 78 своими руками,10
купить листы на рессоры hd 78,10
замена лобового стекла хендай hd 78,10
решетка радиатора на хендай hd 78,10
запчасти для иномарок хендай hd 78,10
hyundai hd 78 запчасти тула,10
троит дизельный двигатель причины hd 78,10
глушитель для хендай hd 78 в вао,10
наконечник рулевой тяги hd 78,10
запчасти hd 78 вологда,10
автомагазин новосибирск хендай hd 78,10
кронштейн крепления заднего крыла hd 78,10
замена двигателя отопителя hyundai hd 78,10
фильтр воздушный hd 78 d4dd,10
механизм переключения передач хендай hd 78,10
замена вентилятора печки hd 78,10
купить редуктор заднего моста хендай hd 78,10
замена масла в hyundai hd 78,10
hd 78 обрыв педали газа,10
хендай hd 78 топливный насос низкого давления,10
редуктор заднего моста hyundai hd 78,10
зеркало с подогревом hd 78,10
купить тормозной цилиндр hd 78,9
купить арку колеса на хендай hd 78,9
замена главного тормозного цилиндра хендай hd 78,9
купить кпп на hd 78,9
крышка клапанов hd 78,9
hyundai hd 78 датчик абс задний правый,9
стартер hd 78 цена,9
двс на хундай hd 78,9
хендай hd 78 плохо греет печка,9
сайлентблок передней рессоры hd 78,9
как снять печку на хендай hd 78,9
блок абс hd 78 евро 3,9
форсунки на хендай hd 78 двигатель d4db,9
купить спойлер на хендай hd 78 цена,9
печка дует холодным воздухом хендай hd 78,9
скоба крестовины оригинальная хендай hd 78,9
аккумы для хендай hd 78,9
электрический стеклоподъемник на hd 78,9
плохо дует печка хендай hd 78,9
как утеплить кабину хендай hd 78,9
запчасти hyundai hd 78 кострома,9
коробка отбора мощности hyundai hd 78,9
фильтр топливный хендай hd 78 артикул,9
запчасти hyundai hd 78 ярославль,9
зимняя резина на хендай hd 78,9
регулировка тормозов хендай hd 78,9
подвесной подшипник hd 78 артикул,9
клапан пастви хендай hd 78,9
глушитель на хендай hd 78 цена,9
вакуумный насос hd 78,9
втулка задней рессоры hd 78,9
форум хендай hd 78 про вискомуфту,9
фильтр воздушный hd 78 артикул,9
хендай hd 78 gold проблема с тормозами,9
трос переключения передач hd 78 d4ga,9
топливные форсунки хендай hd 78,9
трос кпп hd 78 красный,8
подвесной подшипник прямой hd 78,8
ремкомплект форсунок хендай hd 78,8
купить топливный бак хендай hd 78,8
подобрать аккумулятор для хендай hd 78,8
какой номер форсунки хендай 78 hd,8
электронный каталог запчастей хендай hd 78 фургон,8
усиление рессор на хендай hd 78,8
замена свечей накаливания хундай hd 78,8
хендай hd 78 брызговики задние,8
замена охлаждающей жидкости хендай hd 78,8
размер колес хендай hd 78,8
чехол hd 78 в казани,8
хендай hd 78 полярность акб,8
подкрылок задний хендай hd 78,8
левая дверь hyundai hd 78,8
резина hd 78 авито,8
топливный бак hd 78 купить,8
опорный коленвала hd 78,8
каталог запчастей hyundai hd 78 по vin,8
hyundai hd 78 мокреет расширительный бачок,8
горный тормоз хендай hd 78 купить,8
корзина и выжимной на hyundai hd 78,8
шины на хендай hd 78 17 5,8
горный тормоз hd 78 цена,8
хендай hd 78 коврики купить,8
как подтянуть стояночный тормоз на hd 78,8
контрактные мкпп hyundai hd 78,8
сделать самому накрутка спидометра хендай hd 78,8
вакуумный усилитель сцепления хендай hd 78,8
фильтр топливный hd 78 euro 4,8
хендай hd 78 панель приборов описание,8
сайлентблок на хендай hd 78,8
датчик спидометра хендай hd 78,8
hyundai hd 78 размер шин,8
как открыть дверь hd 78,8
тормозной барабан hyundai hd 78,8
диски бескамерные на hyundai hd 78,7
колеса хендай hd 78 7 5х16,7
ремонт кпп hyundai hd 65 72 78,7
двигатель хендай hd 78 метки газораспределитель шестеренок,7
синхронизатор в сборе 4 5 hd 78,7
кпп hd 78 d4ga купить,7
капот на хендай hd 78,7
датчик давления топлива хендай hd 78 цена,7
кузовные детали для hyundai hd 78,7
топливный фильтр hyundai hd 78 фото,7
горный тормоз хендай hd 78 ремонт,7
предпусковой подогреватель хендай hd 78,7
форсунка hyundai hd 78 d4dd,7
полка на панель хендай hd 78,7
описание топливный датчик хендай hd 78,7
hyundai hd 78 где номер рамы,7
вискомуфта вентилятора hyundai hd 78 клинануло,7
hyundai hd 78 катализатор,7
купить верхний бачок радиатора hd 78,7
блок предохранителей хендай hd 78 расшифровка,7
турбина 282345500 hyundai hd 78,7
замена блока управления на хендай hd 78,7
новый двигатель для hyundai hd 78,7
замена задний сальник ступица хундай hd 78,7
щетки мотора отопителя хендай hd 78 цена,7
вискомуфта вентилятора hd 78 крутит постоянно,7
датчик скорости hyundai hd 78,7
сальник редуктора hd 78,7
грузовые шины на хендай hd 78,7
как снять радиатор печки хундай hd 78,7
проводка hd 78 купить,7
диски хендай hd 78 артикул,7
моторчик печки хендай hd 78,7
турбокомпрессор hd 78 d4ga,7
замена турбины hd 78,7
купить колодки тормозные хундай hd 78 ремонтные,7
крестовина кардана хендай hd 78,7
купить аккумулятор для hd 78,7
каркасная тонировочная сетка для хендай hd 78,6
управление панелью приборов хендай hd 78,6
реле поворотов хендай hd 78 где находится,6
насос высокого давления на хендай hd 78,6
шток сцепления хендай hd 78 фото,6
в новосибирске запчасти на хендай hd 78,6
рессоры hyundai hd 78 цена,6
как снять реснички облицовки хендай 78 hd,6
оригинальный аккумулятор для hd 78,6
поршневые кольца на хендай hd 78,6
купить утеплитель радиатора на hd 72 78,6
шпилька переднего левого колеса хендай hd 78,6
штатная антенна на хендай hd 78,6
hd 78 2017 год передние тормозные колодки,6
запчасти для хендай hd 78 в спб,6
сейф для акб hd 78,6
задний фонарь на хендай hd 78 цена,6
аккумулятор для хендай hd 78 цена,6
какие аккумуляторы идут на хендай hd 78,6
купить заднюю рессору на hyundai hd 78,6
хендай hd 78 акб цена,6
блок предохранителей hyundai hd 78 расшифровка,6
датчик заднего хода хендай hd 78,6
полка на торпеду хендай hd 78,6
замена задних колодок hyundai hd 78,6
всесезонка на hyundai hd 78,6
шестерня кпп на hd 78,6
главный цилиндр сцепления хендай hd 78,6
хендай hd 78 плохо дует турбина,6
топливный фильтр hd 78 цена продажа новокузнецк,6
хендай hd 78 утеплить двигатель,6
шланг гур hd 78,6
прокачка тормозов hyundai hd 78,6
блок предохранителей хендай hd 78 евро 3,6
ремень приводной хендай hd 78 двигатель d4dd,6
не греет печка на хендай hd 78,6
подводка тормозов хендай hd 78,6
ремонт кпп хендай hd 78 в ярославле,6
хендай hd 78 момент затяжки шатунов,6
хендай hd 78 почему вискомуфта всегда заклинания,6
ремень генератора хендай hd 78 двигатель d4dd,6
рулевой наконечник hyundai hd 78,6
разъем аудиомагнитолы hd 78,6
передний крюк буксировочный хендай hd 78,6
обратный клапан на хендай hd 78,6
регулятор давления топлива hyundai hd 78 d4dd,6
установка электровентилятора на хендай hd 78,6
диск сцепления hd 78 киа рио,6
хендэ hd 78 запчасти подушки подрессорников,6
вакуумный усилитель тормозов хендай hd 78,6
блок реле хендай hd 78 расшифровка,6
задняя часть кардана hyundai hd 78,6
дефлекторы окон hyundai hd 78,6
амортизатор задний hd 78,6
поменять шпильку переднего колеса хендай hd 78,5
снятие ограничителя скорости hd 78 в мытищах,5
подушка рессоры задней hyundai hd 78,5
аварийный сброс воздуха разгрузочный клапан hd 78,5
лампочка стоп сигнала hyundai hd 78,5
датчик спидометра хендай hd 78 расположение,5
запчасти хендай hd 78 в подольске,5
запчасти для hyundai hd 78 на карте,5
хендай hd 78 ассенизатор,5
запчасти на hd 78 в краснодаре,5
аккумулятор на хендай hd 78 характеристики,5
hyundai hd 78 шины 7 5 р16 ld,5
ограничитель оборотов двигателя hd 78,5
отключение ограничителя скорости hd 78 в мытищах,5
комплект зимней резины на hd 78,5
хендай hd 78 предохранители подсветка приборной панели,5
hyundai hd 78 где выбит номер рамы,5
хендай hd 78 обратный клапан где стоит,5
глушитель на хендай hd 78 в москве,5
спидометр hyundai hd 78,5
тнвд на хендай hd 78 цена,5
диск колеса hd 78 автоалл,5
передние колесные гайки хендай hd 78,5
расположение номера рамы hd 78,5
ручка стеклоподъемника hd 78,5
вакуумный усилитель тормозов hd 78 d4dd,5
замена моторчика печки на хендай hd 78,5
как отрегулировать трос кпп на hd 78,5
реле задних противотуманных фар hyundai hd 78,5
трос ручника хендай hd 78 замена,5
хендай hd 78 ручной тормоз,5
сепаратор для хендай hd 78,5
диски астеро hd 78 оригинальный код,5
49150 45220 крестовина кард вала hd 78,5
фильтр салона хендай hd 78 замена,5
рулевой наконечник hd 78 артикул,5
замена траверсы кабины hd 78,5
как разобрать дверь на хендай hd 78,5
запчасти в самаре на hyundai hd 78,5
32207 подшипник на hyundai hd 78,5
бампер для hyundai hd 78,5
регулировка сцепления хендай hd 78,5
замена колодок ручника на хендай hd 78,5
hyundai hd 78 каталог запчастей онлайн,5
лист подрессорный hd 78,5
где находится номер на мкпп hd 78,5
регулировка фар хендай hd 78,5
гайка передней ступицы hyundai hd 78,5
хендай hd 78 фара евро 4,5
купить колеса для хендай hd 78 ювао,5
датчик скорости хендай hd 78 цена,5
кпп хендай hd 78 проблемы,5
акб хендай hd 78 параметры,5
оплетка руля hyundai hd 78,5
замена ступичных подшипников hyundai hd 78 цена,5
размер диска hyundai hd 78 5 шпилек,4
турбина для hyundai hd 78,4
термостат на хендай hd 78 купить,4
датчик на тнвд hyundai hd 78 цена,3
купить щиток приборов на хендай hd 78,3
купить амортизаторы на хендай hd 78,3
hd 78 предохранитель обогрева зеркал,2
кпп hd120,140
фильтры hd120,130
запчасти hd120,122
рессоры hd120,83
кабина hd120,70
запчасти для hyundai hd120,49
тнвд hd120,44
фильтр топливный hd120,36
аккумулятор hd120,36
двигатели хендай hd120,35
радиатор hd120,35
цилиндр тормозной hd120,32
редуктор hd120,26
запчасти хундай hd120,26
вентилятор corsair hd120 rgb,26
фара hd120,24
насос ручной подкачки hd120,20
фильтр масляный hd120,18
hyundai hd120 установка ремня привода генератора,18
эбу hd120,17
дефлекторы боковых стекол на hd120,15
масла хундай hd120,15
вентилятор corsair hd120 rgb led,14
пгу сцепления hd120,14
вкладыши коренные 0 25 hd120,13
шкворня hd120,12
hyundai hd120 каталог запчастей,11
спойлер hd120,11
hd120 замена колодок,10
хундай hd120 где находятся свечи накаливания,10
угловая панель кабины hd120,10
блок предохранителей hd120,10
номер рамы на хундай hd120,10
hyundai hd120 буксует сцепление,9
комплект вентиляторов corsair hd120 rgb led,9
фильтр салона hd120,9
hd120 2008 d6da настройка впрыска топлива,8
диск сцепления hd120,8
купить вкладыши на хендай hd120 двигатель д6да,8
регулятор тормоза ручника хендай hd120,8
прокладка головки hyundai hd120 дв d6da,8
хундай hd120 напряжение генератора,7
обратный клапан тнвд хендай hd120 d6da22,7
266612b трубка масляного щупа hd120,7
размер шпильки полуоси на hd120,7
крыльчатка моторчика печки hyundai hd120 d 140,7
регулировка натяжения ремня на hyundai hd120,7
схождение колес hd120,6
хундай hd120 замена свечей накаливания,6
как снять радиатор печки хендай hd120,6
как отрегулировать сцепление на hd120,6
пгу тормозов hd120 22,6
hyundai hd120 номер двигателя,6
топливный фильтр hd120 с подогревом,6
кран печки hd120,6
насос ручной подкачки hd120 аналоги,6
hd120 крепление глушителя,6
коврики хендай hd120,6
вентилятор corsair hd120 rgb с контроллером,6
хундай hd120 d6ga где номер двигателя,5
купить запчасти hd120,5
ящик на хундай hd120,5
колпачок коромысла клапана на хендай hd120,5
вкладыши коренные 0 25 hd120 d6,5
замена листов передней рессоры hd120,5
рессора трехлистовая передняя hd120,5
рабочий тормозной цилиндр hyundai hd120,5
каталог запчастей для катка хамм hd120,5
трос замка зажигания hd120,5
крышка расширительного бачка hyundai hd120 d6da19,3
фильтр салона hyundai hd120,3
тормоза hd 120,178
запчасти hd 120,154
двигатель hd 120,152
кабина hd 120,151
рессора hd 120,131
hd 120 фильтра,127
кпп hd 120,116
сцепление hd 120,104
предохранители hd 120,85
двигатель хендай hd 120,78
hd 120 стояночный тормоз,72
запчасти хендай hd 120,65
запчасти hyundai hd 120,62
аккумулятор hd 120,61
компрессор hd 120,59
рессора hd 120 передняя,55
каталог hd 120,49
масляный фильтр hd 120,47
листы рессоры hd 120,47
коробка hd 120,43
кпп хендай hd 120,41
двигатель hyundai hd 120,40
капот hd 120,40
каталог запчастей hd 120,36
горный тормоз hd 120,35
хендай hd 120 сцепление,34
рессора хендай hd 120,34
генератор hd 120,33
hyundai hd 120 кабина,33
хендай hd 120 кабина,32
рессора задняя hd 120,32
хендай hd 120 аккумулятор,30
стартер hd 120,29
ступица hd 120,29
отопитель хендай hd 120,28
хендай hd 120 момент затяжки гбц,23
рама hyundai hd 120,23
номер рамы hyundai hd 120,22
каталог hyundai hd 120,22
фильтр воздушный hd 120,22
шатун компрессор хендай hd 120,20
электростеклоподъемники на hyundai hd 120,20
хендай hd 120 капот,19
хендай hd 120 колеса,19
генератор hyundai hd 120,19
hyundai hd 120 каталог запчастей,18
фильтр топливный hd 120,18
коробка отбора мощности hd 120,18
каталог хендай hd 120,17
запчасти hd 120 москва,17
развести колодки hd 120,17
зеркала хендай hd 120,16
фильтр масляный hyundai hd 120,16
корзина сцепления hd 120,16
ремонт кпп хендай hd 120,15
термостат hd 120,15
обтекатель hd 120,15
хендай hd 120 каталог запчастей,15
электростеклоподъемники на hyundai hd 120 правый,14
шкворня hd 120,14
hyundai hd 120 блок etacs где находится,14
барабан стояночного тормоза hd 120,14
номер шасси на раме hyundai hd 120,13
предохранители на хендай hd 120,13
купить спойлер хендай hd 120,12
масляный фильтр хендай hd 120,12
шины на hyundai hd 120,12
как отрегулировать зажигание на хендай hd 120,12
коренной лист задней рессоры hd 120,12
реле стояночного тормоза hd 120,12
хендай hd 120 блок предохранителей,11
блок etacs хендай hd 120 ремонт,11
болт колеса hyundai hd 120,11
спойлер на хендай hd 120,11
фильтр топливный hyundai hd 120,11
чехлы hd 120,11
хендай hd 120 замена лампы габаритного света,11
hd 120 кардан,11
фильтры на хендай hd 120,11
как прокачать сцепление на хендай hd 120,10
рессора передняя для hd 120 d6da,10
крестовина hd 120,10
купить панель приборов на хендай hd 120,9
тяга продольная hyundai hd 120,9
на грузовике hd 120 ручник,9
штифт вилки кпп хундай hd 120,9
дефлектора хендай hd 120,9
коробка отбора мощности hyundai hd 120,9
протяжка гбц hd 120,9
hyundai hd 120 аналоги,9
радиатор на хендай hd 120,9
стекло на фару хендай hd 120,9
диски на hd 120 17 5,8
устройство замка кабины hd 120,8
колодки стояночного тормоза hyundai hd 120,8
реле задержки дворников hyundai hd 120,8
hyundai hd 120 кпп какая,8
hyundai hd 120 диски 19 5,7
теплообменник hyundai hd 120 в барнауле,7
вкладыши шатунные на компрессор хендай hd 120,7
номер двигателя hd 120,7
обтекатель на хендай hd 120,7
омыватель стекла хендай hd 120,7
сколько проходит двигатель хендай hd 120,7
лист no 3 передней рессоры hd 120,7
вал карданный hd 120,7
фара правая хендай hd 120,7
фильтр салона hd 120,6
электросхема приборной панели хендай hd 120,6
hyundai hd 120 захлопнулась кабина что делать,6
ремкомплект стояночного тормоза hd 120,6
hyundai hd 120 блок етакс,6
синхронизатор 3 передачи hd 120,6
hyundai hd 120 карта смазок,6
момент затяжки гбц хендай hd 120 d6da,6
прокачка тормозов hd 120 своими силами,6
покрышка hd 120,6
датчик ручного тормоза хендай hd 120,6
течет солярка из тнвд хендай hd 120,6
как установить зажигание на хендай hd 120,6
корзина сцепления hd 120 порядок замены,6
электросхема спидометра грузовика хендай hd 120,6
хендай hd 120 запчасти каталог онлайн,6
фара hd 120 евро 4 правая,6
реле горного тормоза hyundai hd 120,6
hd 120 евро 2 форсунки,5
комплект сцепления для хендай hd 120,5
втулка рессоры задняя hyundai hd 120,5
прокладка кпп hd 120,5
хендай hd 120 размер щеток,5
hyundai hd 120 двигатель d6br,5
распиновка клеммы спидометра хендай hd 120,5
купить капот на hyundai hd 120,5
меткомплекс купить вискомуфта хендай hd 120,5
хендай hd 120 двигатель d6ga ремонт форсунок,5
реле подогрева хендай hd 120 d6da,5
устройство главного тормозного цилиндра hyundai hd 120,5
купить коврики для хендай hd 120,5
сколько масла в двигатель hyundai hd 120,5
hyundai hd 120 замена радиатора печки,5
запчасти hd72,190
двигатель hd72,154
фильтры hd72,121
рессора hd72,106
кпп hd72,98
тнвд hd72,83
генератор hd72,77
диск hd72,75
стартер hd72,72
сцепление hd72,64
спидометр hd72,64
hd72 турбина,64
запчасти хундай hd72,60
дверь hd72,57
цилиндр тормозной hd72,55
двигатель хендай hd72,53
запчасти для hyundai hd72,45
кабина hd72,38
двигатель хундай hd72,37
фильтр топливный hd72,36
фильтр воздушный hd72,29
hd72 колодки,26
аккумуляторы на hd72,24
реле свечей накала hd72,22
генератор хендай hd72,22
радиатор хендай hd72,20
крышка маслоохладителя hyundai hd72,19
форсунки хендай hd72,19
капот на hd72 купить,18
синхронизатор кпп hd72 2 3 передачи,17
главный тормозной цилиндр hd72,17
генератор d4al hd72,16
крестовина hd72,16
hyundai hd72 аккумулятор,16
запчасти хендай hd72,15
предохранители на хендай hd72,15
ремень генератора hd72,15
хундай hd72 двигатель не сбрасывает обороты,14
спидометр hd72 цена,14
каталог запчастей hd72,14
вакуумный насос на hd72,13
фильтр салона hd72,13
плунжерные пары на хундай hd72,13
глушитель hd72,12
турбина на хундай hd72,12
купить карданный вал на hd72,10
hyundai hd72 продам щиток приборов,10
акамулятор на hd72,10
купить двигатель на хендай hd72,9
регулировка сцепления hd72 d4al,9
запчасти для хундай hd72 в можайске,9
втягивающее реле стартера hd72 купить,9
купить задний левый тормозной цилиндр хендай hd72,9
сапун хундай hd72,9
поворотник хундай hd72,8
механизм ручника hyundai hd72,8
аксессуары тюнинг хендай hd72 78,8
где номер рамы хендай hd72,8
личинка замка двери lh hd72 81910 5на00,8
стартер на хундай hd72,8
теплообменник на хундай hd72,8
как снять тнвд на хундай hd72,8
37300 41701 генератор hd72 дв d4al,8
коробки отбора мощности на hyundai hd72,8
hyundai hd72 трос одометра,7
спидометр hd72 купить,7
хендай hd72 крестовина,7
зеркало наружное с подогревом hd72 78 hyundai,7
турбокомпрессор d4al hd72 sl turbo,7
подшипник ступицы передний hd72 78,7
подрулевой переключатель hyundai hd72 78,6
серьга рессоры hd72 передней 5423045001 cr,6
пластиковые панели на хендай hd72,6
хундай hd72 установка предпускового подогревателя,6
хендай hd72 размер шин,6
купить форсунку на хендай hd72 d4al,6
какой бак поставить на хендай hd72,6
салонный фильтр hd72,6
сцепление в сборе hd72 d4al,6
шкив генератора хендай hd72,6
подвеска сиденья водителя hyundai hd72,6
реле регулятор hd72,6
hyundai hd72 мкпп разбор коробки,6
масло для hd72 97 года,5
купить тягу кпп на кулису hyundai hd72,5
ремонт тнвд хундай hd72 воронеж,5
хендай hd72 втулка и палец задней рессоры,5
hyundai hd72 снятие приборной,5
помпа hd72 d4al тула,5
отказали правые повороты на хендай hd72,5
прокладка полуоси hd72,5
хундай hd72 приборная панель индикация,5
капот на hd72 купить в краснодаре,5
какая емкость аккумуляторов на hd72,5
дверь левая хундай hd72,5
хендай hd72 правое стекло поворота,5
штатный кондиционер на hyundai hd72,5
как вытащить вторичный вал мкпп хендай hd72,5
диск сцепления hd72,5
фильтр салона hd72 купить в екатеринбурге,5
насос масляный hyundai hd72 d4al 2610041700 спб,5
клапан корпуса воздушного фильтра hd72,5
бачок расширительный верхний hd72 78,5
диски для хендай hd72,2
двигатель hd 72,239
запчасти hd 72,230
предохранители hd 72,181
hd 72 фильтра,176
кпп hd 72,152
генератор hd 72,140
ступица hd 72,130
аккумулятор hd 72,130
кабина hd 72,125
предохранители хендай hd 72,124
турбина hd 72,117
радиатор hd 72,117
двигатель хендай hd 72,111
рессора hd 72,104
сцепление hd 72,97
запчасти хендай hd 72,97
стартер hd 72,83
тнвд hd 72,82
сидение hd 72,74
топливный фильтр hd 72,74
колодки hd 72,73
дверь hd 72,72
задняя ступица hd 72,69
турбина хендай hd 72,67
диски хендай hd 72,63
термостат hd 72,62
щиток приборов hd 72,62
редуктор hd 72,62
панель приборов hd 72,62
фара hd 72,61
форсунки hd 72,61
фонарь задний hd 72,60
запчасти hyundai hd 72,60
кпп хендай hd 72,60
генератор хендай hd 72,58
сцепление хендай hd 72,58
каталог hd 72,57
кабину хендай 72 hd,57
бак топливный hd 72,56
вакуумный насос hd 72,56
рессоры хендай hd 72,52
шкворень hd 72,52
hd 72 радиатор печки,51
рама hd 72,48
аккумулятор на хендай hd 72,46
панель приборов хендай hd 72,46
блок хендай hd 72,44
шкворня хендай hd 72,43
мост задний hd 72,40
стартер хендай hd 72,40
горный тормоз hd 72,40
термостат хендай hd 72,40
тнвд хендай hd 72,40
двигатель hd 72 купить,39
редуктор хендай hd 72,36
колеса хендай hd 72,35
шины на hd 72,35
hd 72 рессоры задние,35
hd 72 коробка передач,34
дверь хендай hd 72,33
реле свечей накала хендай hd 72,33
радиатор печки хендай hd 72,32
hyundai hd 72 топливный фильтр,32
хендай hd 72 двигатель d4al,32
щиток приборов хендай hd 72,32
интеркулер hd 72,30
хендай hd 72 коробка передач,30
тормозные колодки hd 72,28
двигатель хундай hd 72,28
фильтр воздушный hd 72,28
замена шкворней хендай hd 72,26
hyundai hd 72 аккумуляторы,26
хендай hd 72 приборная панель,25
кпп hyundai hd 72,25
блок предохранителей hd 72,25
двигатель на hyundai hd 72,25
коленвал hd 72,24
подвесной подшипник hd 72,23
хендай hd 72 фильтр топливный,23
фильтр масляный hd 72,22
мост хендай hd 72,22
ступица задняя hd 72 без абс d4al,21
шины хендай hd 72,21
помпа хендай hd 72,20
номер рамы хендай hd 72,20
топливный бак на хендай hd 72,19
рессора hyundai hd 72,19
ремонт кпп hd 72,19
предохранители hyundai hd 72,19
какой размер гаек на hd 72,18
снять ступицу хендай hd 72,18
hyundai hd 72 размер шин,18
подвесной подшипник хендай hd 72,18
дверь hyundai hd 72,18
передняя рессора хендай hd 72,18
турбина хундай hd 72,18
замена радиатора печки хендай hd 72,17
блок предохранителей хендай hd 72,17
двигатель hyundai hd 72 купить,17
главный тормозной цилиндр hd 72,17
ступица задняя hd 72 сургут,17
фары хендай hd 72,16
глушитель hd 72,16
балка хендай hd 72,16
коленвал хендай hd 72,16
форсунки хендай hd 72,15
интеркулер hd 72 цена,15
кпп хундай hd 72,15
редуктор заднего моста хендай hd 72,15
нет давления масла hd 72,15
горный тормоз хендай hd 72,15
ручник хендай hd 72,15
автозапчасти хендай hd 72,14
зеркало хендай hd 72,14
каталог запчастей hd 72,14
hyundai hd 72 кабина,14
наконечники hd 72,13
трос переключения передач hd 72,13
хендай hd 72 не работает печка,12
какое масло хендай hd 72,12
давление в форсунках hd 72 d4al,12
вес ступицы на hd 72,12
диски на хендай hd 72 17 5,12
тнвд hyundai hd 72,12
каталог хендай hd 72,11
купить стекло hd 72,11
не работает спидометр хендай hd 72,11
пневмоподвеска хендай hd 72 полурессора,10
давление впрыска форсунок hyundai hd 72,10
купить блок на хендай hd 72,10
тормозные колодки хендай hd 72,10
где находится номер рамы hd 72,10
мотор отопителя хендай hd 72,10
радиатор хундай hd 72,10
зеркало hyundai hd 72,10
генератор hyundai hd 72 d4al,9
хендай hd 72 двигатель d4al отзывы,9
утеплитель решетки на hd 72,9
главный тормозной цилиндр хендай hd 72,9
hyundai hd 72 акб,9
ремонт редуктора hd 72,9
тнвд hd 72 стоимость,9
лобовое стекло hd 72,9
замена колодок hd 72,9
дверь хендай hd 72 купить,8
панель задней стенки кабины хундай hd 72,8
глушитель хендай hd 72,8
масляный насос hd 72,8
турбина на хендай hd 72 цена,8
воздушный фильтр на хендай hd 72,8
диск сцепления hd 72,8
замена лампы ближнего света хендай hd 72,7
подшипник ступичный задний hd 72 d4al,7
как прокачать тормоза на хендай hd 72,7
панель предохранителей на хендай hd 72,7
фильтр отстойник hd 72,7
аккумулятор для hyundai hd 72 купить,7
hyundai hd 72 d4al не качает насос,7
хендай hd 72 как починить передний бампер,7
автозапчасти для хендай hd 72 москва,7
запчасти hyundai hd 72 спб,7
ремонт двигателя hd 72,7
ремонт стартера на хендай hd 72,7
стартер хендай hd 72 завести напрямую,7
прокачка тормозов hd 72,7
трос спидометра hyundai hd 72 фото,6
спойлер на hyundai hd 72,6
hyundai hd 72 крышка коренного,6
турбина hyundai hd 72,6
плохо греет печка хендай hd 72,6
рессоры на хендай hd 72 цена,6
регулировка задних тормозных колодок hyundai hd 72,6
фонарь задний на hd 72 в москве,6
салонный фильтр хендай hd 72,6
хендай hd 72 каталог запчастей,6
диагностический разъем hd 72,6
сборка поршневой группы hd 72,6
контрактный двигатель на hyundai hd 72,6
выжимной подшипник hyundai hd 72,6
давление открывания в форсунках hd 72 d4al,6
установка подогрева двигателя хендай hd 72,6
силовые предохранители hyundai hd 72,6
распредвал хендай hd 72,6
не работает тахометр на хендай hd 72,6
замена термостата на хендай hd 72,6
топливны1 насос на hyundai hd 72,6
тормоза hyundai hd 72,6
колодки тормозные для hd 72 3 5t,6
хендай hd 72 шумит кпп,6
замена колодок хендай hd 72,6
коленчатый вал на хендай hd 72,5
проставочные шайбы для колес на hd 72,5
подрулевой переключатель hyundai hd 72,5
колодки для хундай hd 72,5
втулки задней рессоры hyundai hd 72,5
поршневая группа на хендай hd 72,5
шумоизоляция кабины хундай hd 72,5
трос на гидравлику эвакуатор hd 72,5
на хендай hd 72 нижний патрубок радиатора,5
рулевой редуктор хендай hd 72,5
как отрегулировать рулевое на хендай hd 72,5
пучок проводов кабины хендай hd 72,5
фильтр топливный hd 72 с подкачкой,5
реле свечей накала хендай hd 72 купить,5
регулировка хода педали тормозов хендай hd 72,5
вкладыши ремонтные на хундай hd 72,4
hyundai hd 72 запчасти москва россия,4
ремонт редукторов на хендай hd 72,4
тнвд на хендай hd 72 d4al,4
колодки для стояночного тормоза хендай hd 72,4
hyundai hd 72 d4al турбина купить,3
восстановленные форсунки на хендай hd 72,3
фильтры hd65,109
диски hd65,92
запчасти hd65,76
фильтр топливный hd65,51
форсунки hd65,46
рессоры hd65,46
запчасти для hyundai hd65,41
карданный вал hd65,30
свеча накаливания hd65,23
купить спойлер на хундай hd65,20
фильтр масляный hd65,16
фонарь задний hyundai hd65 левый,14
диск колесный hyundai hd65 county,14
оем фильтр топливный хундай hd65,12
резина на хундай hd65,12
замена переднего барабана хендай hd65,10
gmini hd65 аккумулятор зарядка,10
хендай грузовик hd65 моторчик омывателя где находится,10
комплект сцепления на хендай hd65,10
sf hd65 аналог,10
фильтр воздушный hd65,9
шкворень hd65 county fuso d 28,9
свеча накаливания hd65 резьба,8
форсунка hd65 резьба,8
датчик скорости хундай hd65 электросхема,8
тнвд d4al hyundai hd65 72 78,8
запчасти на hd65 в одинцово,7
шпилька колеса hd65 переднего левая барабанный тормоз,7
купить полку в кабину на хундай hd65,7
колодки передние хундай hd65,7
купить колодки хендай hd65 85 в москве,6
регулировка клапанов хундай hd65 d4dd,6
как снять фару хундай hd65,6
генератор на хундай hd65,6
купить диски на хендай hd65,6
ремкомплект теплообменник hyundai hd65,5
лазерная головка hd65,5
купить задние фонари на хендай hd65,5
клапан контроля подачи топлива hyundai hd65,5
объем бака хендай hd65,3
шины hd 65,186
запчасти hd 65,98
двигатель hd 65,81
предохранители hd 65,71
каталог hd 65,55
кпп hd 65,53
двигатель хендай hd 65,50
диск на hd 65,47
предохранители хендай hd 65,46
запчасти хендай hd 65,41
форсунка hd 65,40
рессора hd 65,39
кабина hd 65,39
стекло hd 65,37
глушитель hd 65,35
hd 65 аккумулятор,35
фильтр топливный hd 65,34
hyundai hd 65 запчасти,33
диски на хендай hd 65,30
шкворень hd 65,23
каталог запчастей hd 65,23
фильтр масляный hd 65,22
фильтр воздушный hd 65,15
hyundai hd 65 реле,15
как заменить термостат на хендай hd 65,14
блок предохранителей хендай hd 65,14
бак топливный hd 65,13
подвесной подшипник хендай hd 65,13
трос переключения передач hd 65,13
реле свечей накала hd 65,12
шины для hyundai hd 65,12
спойлер на хендай hd 65,12
hyundai hd 65 аккумулятор,11
колеса на хендай hd 65,11
амортизатор hd 65,11
расположение термостата в hd 65,10
каталог запчастей хендай hd 65 с картинками,9
купить диски на хендай hd 65,9
хендай hd 65 ремкомплект форсунки,8
hyundai hd 65 двухрядная кабина,7
hyundai hd 65 удлинил раму,7
хендай hd 65 направляющие на коробку купить,7
купить шкворня на хендай hd 65 хабаровск,7
каталог запчастей хендай hd 65 по вин,6
hd 65 hyundai двигатель,6
какие аккумуляторы стоят на хендай hd 65,6
генератор hd 65 хендай 24 вольта,6
установка термостата в hd 65,6
не работает аварийка на хендай hd 65,5
резина hyundai hd 65,5
антенна для digifors hd 65,5
hd 65 суппорт подшипник передней наружной стороны,5
лампы ближнего света хендай hd 65,5
бак топливный хендай hd 65,5
передний бампер hyundai hd 65,5
мкпп hyundai hd 65 запчасти,5
hyundai hd 65 7 00 шины купить,5
hd45 какие стоят моторы,5
свечи накала hd35,16
хендай hd35 зимняя резина,12
hyundai hd35 размер шин,11
купить подвесной подшипник на хендай hd35,8
кпп на hd35,7
размер задних шин хундай hd35 сити,7
hyundai hd35 размер шины 13,6
какую зимнюю резину ставить на хендай hd35,6
колодки hd35,5
кпп на hd35 43000 5k200,5
коврики hd35,5
каталог з ч hyundai hd35,5
момент затяжки болтов хендай hd35,5
hyundai hd 35 шины,15
обтекатель на hyundai hd 35 city,14
запчасти для хендай hd 35,12
марка масла hyundai hd 35 city,10
хендай hd 35 электросхема реле стартера,7
запчасти hyundai hd,805
двигатель hyundai hd,458
фильтр hyundai hd,331
hyundai hd масло,301
диски hyundai hd,240
сцепление hyundai hd,234
двери hyundai hd,230
фара hyundai hd,219
каталог hyundai hd,218
автозапчасти hyundai hd,192
шины hyundai hd,192
аккумулятор hyundai hd,180
колодки hyundai hd,167
предохранители hyundai hd,156
коробка hyundai hd,152
тормоза hyundai hd,151
рессоры hyundai hd,150
кпп hyundai hd,144
рулевая hyundai hd,140
радиатор hyundai hd,136
кабина hyundai hd,136
стекло hyundai hd,120
hyundai hd каталог запчастей,118
генератор hyundai hd,118
акпп hyundai hd,116
фильтр топливный hyundai hd,115
зеркало hyundai hd,108
бампер hyundai hd,108
свечи hyundai hd,91
сиденье hyundai hd,88
рама hyundai hd,85
фильтр масляный hyundai hd,82
капот hyundai hd,76
тормозные цилиндры hyundai hd,75
турбина hyundai hd,73
колодки тормозные hyundai hd,71
грм hyundai hd,71
панель приборов hyundai hd,67
лобовое hyundai hd,61
фонарь hyundai hd,51
противотуманные фары hyundai hd,50
топливный бак hyundai hd,48
стекло лобовое hyundai hd,48
спойлер hyundai hd,48
hyundai hd амортизаторы,48
глушитель hyundai hd,46
блок предохранителей hyundai hd,45
фонарь задний hyundai hd,42
решетка радиатора hyundai hd,41
тнвд hyundai hd,41
стеклоподъемник hyundai hd,41
запчасти hyundai hd москва,40
hyundai hd шпилька,39
регулировка клапанов hyundai hd,37
колесные диски hyundai hd,35
чехлы hyundai hd,35
брызговики hyundai hd,33
антифриз hyundai hd,31
каталог hyundai hd онлайн,29
подкрылки hyundai hd,28
ремонт кпп hyundai hd,25
неоригинальные hyundai hd,23
куплю запчасти hyundai hd,23
рулевое ремонт hyundai hd,20
ремонт стартеров hyundai hd,18
ремонт блока hyundai hd,17
ремонт стекол hyundai hd,17
код детали hyundai hd,17
онлайн запчасти hyundai hd,16
куплю детали hyundai hd,15
топливная форсунка hyundai hd,14
акпп ремонт hyundai hd,14
ремонт дисков hyundai hd,14
катализатор hyundai hd,13
регулировка рулевой hyundai hd,13
hyundai hd болячки,12
ремонт форсунок hyundai hd,12
трос отбора мощности hyundai hd,11
hyundai hd 30 e запчасти,11
ремонт бамперов hyundai hd,10
ремонт дверь hyundai hd,10
ремонт карбюраторов hyundai hd,10
купить сальники на ступицу hyundai hd 170,10
детали двигателя hyundai hd,10
ремонт рулевых реек hyundai hd,9
заказать автодетали hyundai hd,8
битые запчасти hyundai hd,8
магазин москва hyundai hd,8
регулировка рулевой рейки hyundai hd,8
интернет автозапчасти hyundai hd,8
склад запчастей hyundai hd,8
адрес магазина hyundai hd,8
номер детали hyundai hd,8
номера автозапчастей hyundai hd,8
автодетали машин hyundai hd,7
запчасти hyundai hd тимашевск,7
окраска дисков hyundai hd,7
куплю автодетали hyundai hd,7
автодетали двигателя hyundai hd,7
коды автозапчастей hyundai hd,7
запчасти hyundai hd оренбург оренбург,7
обслуживание двигателя hyundai hd,6
детали онлайн hyundai hd,6
шины для hyundai hd 250,6
неоригинальные каталоги hyundai hd,6
аналоги автозапчастей hyundai hd,6
авторазборка двери hyundai hd,6
автозапчасти москва hyundai hd,6
старые автозапчасти hyundai hd,6
код автодетали hyundai hd,6
каталог автодеталей hyundai hd,6
кузовные автодетали hyundai hd,6
регулировка тнвд hyundai hd,6
оригинальные автозапчасти hyundai hd,5
рынок автозапчастей hyundai hd,5
номер автодетали hyundai hd,5
порядок регулировки клапанов hyundai hd,5
регулировка колес hyundai hd,5
автозапчасти кузова hyundai hd,5
стоимость автозапчастей hyundai hd,5
контрактные автозапчасти hyundai hd,5
фирмы автозапчастей hyundai hd,5
цоколь панели приборов hyundai hd,5
склад автозапчастей hyundai hd,5
детали машин hyundai hd,5
hyundai hd проставка под сиденье,5
hyundai hd 1000 кабина,5
автодетали автомобиля hyundai hd,5
неоригинальные автозапчасти hyundai hd,5
коды запчастей hyundai hd,5
ремонт приводов hyundai hd,5
ремонт крыши hyundai hd,5
ремонт стоек hyundai hd,5
каталог автозапчастей hyundai hd,5
запасные автодетали hyundai hd,5
номер подвесного подшипника hyundai hd,5
диагностика двигателя hyundai hd,5
запасные детали hyundai hd,5
ремонт блока цилиндров hyundai hd,5
детали автомобиля hyundai hd,5
где купить автозапчасти hyundai hd,5
поставка автозапчастей hyundai hd,5
спортивные автозапчасти hyundai hd,5
кузовные части hyundai hd,5
автокаталог автозапчастей hyundai hd,5
стоимость запчастей hyundai hd,5
запчасти кузова hyundai hd,5
цены на запчасти hyundai hd,5
битые автозапчасти hyundai hd,5
ремонт суппортов hyundai hd,5
окраска дверей hyundai hd,5
hyundai hd подшипник ступицы передней смазать,3
масло хендай hd,760
предохранители хендай hd,722
печка хендай hd,523
дверь хендай hd,421
кпп хендай hd,346
сцепление хендай hd,346
стартер хендай hd,265
шина хендай hd,262
автозапчасти хендай hd,248
аккумуляторы на хендай hd,234
каталог хендай hd,233
запчасти для хендай hd,225
топливный бак хендай hd,213
резина на хендай hd,202
фонарь хендай hd,192
сидения хендай hd,181
коробка передач хендай hd,179
панель приборов хендай hd,177
колеса на хендай hd,164
турбина хендай hd,158
блок предохранителей хендай hd,151
каталог запчастей хендай hd,149
сайлентблок хендай hd,140
фильтр масляный хендай hd,133
акб хендай hd,130
рессоры на хендай hd,128
лобовое стекло хендай hd,128
запчасти москва хендай hd,120
спойлер на хендай hd,112
кабина на хендай hd,109
фильтр воздушный хендай hd,101
редуктор хендай hd,92
куплю запчасти хендай hd,91
хендай hd двигатель купить,88
магазин хендай hd,85
задний мост хендай hd,82
хендай hd кондиционер,79
хендай hd стабилизатор,77
замена шкворней хендай hd,77
хендай hd главный тормозной цилиндр,76
регулировка клапанов хендай hd,68
купить рессоры хендай hd,66
онлайн запчасти хендай hd,66
противотуманки на хендай hd,61
купить спойлер на хендай hd,55
автомагазин хендай hd,54
обтекатель на хендай hd,52
хендай hd кабина купить,51
рулевое ремонт хендай hd,49
ремонт кпп хендай hd,48
замена радиатора печки хендай hd,43
брызговик хендай hd,40
крыло заднее хендай hd,39
ремонт рулевых реек хендай hd,37
как прокачать тормоза на хендай hd,36
гофра глушителя хендай hd,35
ремонт коробки хендай hd,35
резина на хендай hd цены грузовые,34
регулировка фар хендай hd,32
регулировка тормозов хендай hd,31
запчасти разборки хендай hd,31
ремонт блока хендай hd,29
ремонт коробки передач хендай hd,26
неоригинальные хендай hd,25
автозапчасти москва хендай hd,23
дизельные двигатели хендай hd,22
крышка багажника хендай hd,21
запчасти хендай hd 500,21
тнвд ремонт хендай hd,21
магазин запчастей хендай hd,20
регулировка сцепления хендай hd,19
купить обтекатель на хендай hd,19
дверь водительская хендай hd,18
номера запчастей хендай hd,17
ремонт форсунок хендай hd,17
ремонт дверь хендай hd,17
запчасти хендай hd 260,15
регулировка тнвд хендай hd,14
компрессор на хендай hd 450,13
ремонт подвески хендай hd,13
каталог запасных хендай hd,13
детали подвески хендай hd,12
диагностика эбу хендай hd,12
полка на торпеду хендай hd,12
хендай hd пропадают тормоза,12
коды запчастей хендай hd,12
тормозные трубки на хендай hd 70 цена,12
коробка отбора мощности хендай hd 170,12
регулировка рулевой хендай hd,12
ремонт дисков хендай hd,12
ремонт стекла хендай hd,12
русская рессора хендай hd,11
регулировка света хендай hd,11
ремонт клапанов хендай hd,11
диагностика ходовой части хендай hd,11
стремянка рессоры хендай hd,11
диагностика датчиков хендай hd,11
запчасти на хендай hd в хабаровске,11
оригинальные запчасти хендай hd,11
стекло птф хендай hd,10
противотуманки на хендай hd форум,10
разборка двери хендай hd,10
тенты на хендай hd,10
что означает табличка на кпп хендай hd,9
магазин автозапчастей хендай hd,9
регулировка клапанов двигателя хендай hd,9
номер детали хендай hd,9
каталог запасных частей хендай hd,9
ремонт лобовых хендай hd,9
адрес автомагазина хендай hd,9
коленвал хендай hd d4dd,9
каталог автодеталей хендай hd,8
покраска дверей хендай hd,8
колодка заднего фонаря хендай hd,8
покраска дисков хендай hd,8
хендай hd 250 не работает подогреватель воздуха,8
купить приемную трубу на хендай hd,8
автомагазин москва хендай hd,8
тольятти купить колеса на хендай hd,8
автомагазин запчастей хендай hd,8
лампочки ближнего и дальнего света хендай hd,8
магазин москва хендай hd,8
диагностика зажигания хендай hd,7
хендай hd county автобус установка тахографа,7
гофра на глушитель хендай hd размеры,7
автозапчасти оптом хендай hd,7
разборка сидений хендай hd,7
резина кама на хендай hd,7
заказать запчасти хендай hd,7
кузовные запчасти для иномарок хендай hd,7
сила затяжки головки хендай hd 170,7
диагностика инжектора хендай hd,7
новые запчасти хендай hd,7
автокаталог автозапчастей хендай hd,7
ремонт радиаторов хендай hd,7
ремонт дисковых хендай hd,7
аналоги автозапчастей хендай hd,7
авто запчасти хендай hd,7
автомагазин авто хендай hd,7
регулировка редуктора хендай hd,7
регулировка карбюратора хендай hd,7
хендай hd 500 замена радиатора отопителя,6
поиск автозапчастей хендай hd,6
регулировка дверей хендай hd,6
склад автозапчастей хендай hd,6
покраска крыла хендай hd,6
оригинальные автозапчасти хендай hd,6
авторазборка двери хендай hd,6
разборка двигателя хендай hd,6
найти запчасть хендай hd,6
провода на задние колодки хендай hd 500,6
ремонт рычага переключения передач хендай hd 500,6
ремонт мостов хендай hd,6
турбина на хендай hd 370,6
магазин авто хендай hd,6
фирмы автозапчастей хендай hd,6
куплю детали хендай hd,6
фара на хендай hd 37,6
куплю автодетали хендай hd,6
как поднять кабину хендай hd 500,6
как отрегулировать клапана на хендай hd 500,6
кабины хендай hd 720,6
неоригинальные автозапчасти хендай hd,6
разборка карбюратора хендай hd,6
код автодетали хендай hd,6
выкройки чехлов на хендай hd,6
запчасти оптом хендай hd,6
стоимость бампера на хендай hd 720,6
салон автодетали хендай hd,6
установка другого двигателя на автомобиль хендай hd,6
фирмы запчастей хендай hd,6
автодетали машин хендай hd,6
ремонт аккумуляторов хендай hd,6
ремонт отопителей хендай hd,6
ремонт руля хендай hd,6
комплектующие автозапчасти хендай hd,5
номера автозапчастей хендай hd,5
подбор автозапчастей хендай hd,5
ремонт стоек хендай hd,5
запасные детали хендай hd,5
неоригинальные каталоги хендай hd,5
старые автозапчасти хендай hd,5
авто автозапчасти хендай hd,5
автокаталог запчастей хендай hd,5
автодетали двигателя хендай hd,5
детали машин хендай hd,5
доставка запчастей хендай hd,5
интернет магазин запчастей хендай hd,5
автомобильные автозапчасти хендай hd,5
рассеиватель габаритные фонари на крышу хендай hd,5
новые автозапчасти хендай hd,5
аналоги запчастей хендай hd,5
детали автомобиля хендай hd,5
неисправности двигателя хендай hd 270 при запуске,5
регулировка зажигания хендай hd,5
купить хендай hd ассенизатор,5
хендай голд hd 350 номер на раме,5
номер автодетали хендай hd,5
регулировка колес хендай hd,5
найти автозапчасть хендай hd,5
аналоги птф хендай hd,5
каталог автозапчастей хендай hd,5
автодетали подвески хендай hd,5
запчасти неоригинал хендай hd,5
запчасти кузова хендай hd,5
коробка отбора мощности хендай hd 170 испанский,5
разборка фары хендай hd,5
кузовные части хендай hd,5
ремонт кондиционеров хендай hd,5
доставка автозапчастей хендай hd,5
механизм регулировки хендай hd,5
диагностика акпп хендай hd,5
ремонт бамперов хендай hd,5
комплектующие запчасти хендай hd,5
склад запчастей хендай hd,5
спортивные запчасти хендай hd,5
объявления автозапчасти хендай hd,5
автодетали автомобиля хендай hd,5
распиновка датчика егр хендай hd 500,4
провода на задние колонки хендай hd 500,2
зеркало на хендай hd 250,2
запчасти хундай hd,98
кпп хундай hd,92
двигатель на хундай hd,65
хундай hd кабина,63
хундай hd 270 двигатель d6ac расход топлива,39
кпп хундай hd 500 т160,15
радиатор отопителя на хундай hd 250,13
стоимость троса переключения передач на хундай hd,11
механизм переключения передач хундай hd 170,8
ремонт заднего моста хундай hd,7
прогорел клапан хундай hd 170,7
колеса на автомобиль хундай hd,5
адаптация педали газа хундай hd,5
редуктор среднего моста хундай голд hd 260,2
хундай hd78 запчасти,141
запчасти хундай hd78,141
шины для хундай hd78,33
запчасти hyundai hd78,109
запчасти на hd78,479
hyundai hd78 запчасти,109
hd78 фильтр топливный,168
hd78 топливный фильтр,168
топливный фильтр hd78,168
hd78 бампер,34
блок абс hd78,17
фара левая hd78,10
hd78 d4dd фильтр топливный,27
размер шин hd78,24
hd78 крестовина,42
hd78 каталог запчастей,48
hd78 каталог,95
hd78 воздушный фильтр,120
abs hyundai hd78,20
акб на хундай hd78,5
сальник полуоси hd78,4
воздушный фильтр hd78,120
запчасти для hd78,479
замена сцепления hd78,20
чехлы на сиденья hyundai hd65 hd72 hd78,0
давление в шинах hyundai hd78,1
давление в шинах хундай hd78,1
топливный фильтр hd78 d4dd,27
диски на хундай hd78,26
щетка стеклоочистителя hd78,22
шина hd78,309
термостат hd78,25
форсунка hd78,173
форсунка hd78 евро 4,2
форсунка hyundai hd78,19
форсунки на хундай hd78,23
hyundai hd78 двигатель,96
hyundai hd78 задний мост,7
hyundai hd78 колеса,43
hyundai hd78 форсунка,19
hyundai hd78 шины,184
бак hd78,103
кулак поворотный hd78,5
чехлы hyundai hd78,17
чехлы hd78,39
стартер хундай hd78,13
масло в гур hd78,18
шпильки задние hd78,22
масляный фильтр хундай hd78,4
топливная форсунка хундай hd78,0
топливный фильтр на hd78,168
топливный фильтр на хундай hd78,7
клапан scv hd78,2
hd 72 hd78 какой двигатель лучше,0
hd78 d4ga фильтр топливный,8
hd78 бак,103
hd78 диагностический разъем,22
hd78 диск,200
hd78 замена шкворня,3
hd78 запчасти,479
hd78 капот,46
hd78 кпп,221
hd78 предохранители,198
hd78 сапун,5
hd78 тормозной барабан,22
hd78 фильтра,489
hd78 ширина кабины,2
бак на hd78,103
abs hd78,55
акб на хендай hd78,12
акб hd78,56
аккумулятор hyundai hd78,14
аккумулятор для hd78,157
трапеция стеклоочистителя hd78,3
автозапчасти для hyundai hd78 пенза,0
автозапчасти на хундай hd78,7
фильтра на хундай hd78,52
фильтр топливный d4dd hd78,27
фильтр топливный hd78 d4dd в сборе,0
фильтр топливный hd78 hyundai,32
фильтр топливный hyundai hd78,32
фильтры для хундай hd78,52
куплю резину на хундай hd78,7
турбокомпрессор d4dd hd78,6
панель передняя hd78,19
предохранители на хендай hd78,80
подкрылок задний hd78,6
теплообменник hd78,3
тнвд d4db hd78,2
тнвд d4dd hd78,24
тнвд hd78 d4dd denso в тритон авто,0
спойлер на хендай hd78,5
спойлер хендай hd78,5
поворотник hyundai hd78,0
поворотный кулак hd78,5
уфа автозапчасти хундай hd78,0
ремень генератора хендай hd78,7
подшипник передней ступицы внутренний hd78,7
подшипник ступицы передней внутренний hd78,7
шины hd78,309
шины hyundai hd78,184
шины на hyundai hd78,184
шины на хундай hd78,33
hyundai запчасти hd 78,309
hd 78 hyundai запчасти,309
hyundai hd 78 запчасти,309
hd 78 форсунка,366
hd 78 запчасти,1064
топливный фильтр hd 78,313
хендай hd 78 запчасти,590
хендай 78 hd запчасти,590
фильтр hd 78 топливный фильтр,313
каталог запчастей hyundai hd 78,73
запчасти на хендай hd 78,590
hyundai hd 78 топливный фильтр,58
hyundai hd 78 фильтр топливный,58
hd 78 hyundai фильтр топливный,58
топливный фильтр hyundai hd 78,58
hd 78 hyundai топливный фильтр,58
масляный фильтр hd 78,136
запчасти на hyundai hd 78,309
запчасти на хендай hd 78 в москве,98
хендай hd 78 давление в шинах,22
размер шин на хендай hd 78,34
размер шин hyundai hd 78,12
hd 78 фильтр масляный,136
hd 78 масляный фильтр,136
тормозные колодки hd 78,119
hd 78 акб,152
акб hd 78,152
купить шины на хендай hd 78,41
фильтр hd 78 топливный фильтр на,313
шины на хендай hd 78 купить,41
подшипник подвесной hd 78,170
колодки тормозные передние hd 78,25
хендай hd 78 главный тормозной цилиндр,56
запчасти для хендай hd 78,590
запчасти на hd 78 хендай,590
hyundai hd 78 аккумулятор,73
hyundai hd 78 диск колесный,22
hyundai hd 78 кабина,53
hyundai hd 78 каталог,108
hyundai hd 78 масляный фильтр,28
hyundai hd 78 фильтр масляный,28
hd 78 подвесной подшипник,170
hd 78 диски,527
hd 78 hyundai фильтр масляный,28
hd 78 hyundai кабина,53
аккумулятор hd 78,407
аккумулятор hyundai hd 78,73
зимние шины на хендай hd 78,6
воздушный фильтр хендай hd 78,37
как развести колодки на хендай hd 78 видео,17
замена шкворней хендай hd 78,43
диски hd 78,527
масляный фильтр hyundai hd 78,28
купить тент на хендай hd 78,47
фильтр hd 78 топливный,313
фильтры для hd 78,789
шины для hd 78 r16,19
шины для хендай hd 78,191
тент на хендай hd 78,56
хендай hd 78 воздушный фильтр,37
хендай hd 78 замена шкворней,43
хендай hd 78 кабина,239
хендай hd 78 не работает горный тормоз,23
хендай hd 78 предохранители,359
хендай hd 78 салонный фильтр,40
хендай hd 78 фильтр воздушный,37
hyundai hd 78 акб,30
hyundai hd 78 главный тормозной цилиндр,11
hyundai hd 78 шины,57
масляный фильтр хендай hd 78,63
hd 78 полуторная кабина,5
hd 78 на запчасти,1064
hd 78 hyundai предохранители,82
hd 78 hyundai каталог,108
hd 78 hyundai замена колодок,8
бак топливный хендай hd 78,132
акб для хендай hd 78,89
шкворень hd 78,205
акб hyundai hd 78,30
аккумуляторы для хендай hd 78,250
аккумулятор хендай hd 78,250
аккумулятор на хендай hd 78,250
фильтр масляный хендай hd 78,63
запчасти на hyundai hd 78 в москве,15
запчасти на hd 78 в москве,141
запчасти на hd 78,1064
шины hyundai hd 78,57
шины для hyundai hd 78,57
шины для хендай hd 78 шины,191
шины hd 78,309
запчасти hyundai hd 78 екатеринбург,2
карданный вал hd 78,127
колодки тормозные хендай hd 78,68
замена шкворней на хендай hd 78 своими руками,11
замена шкворней на хендай hd 78 своими руками видео,9
замена колодок hyundai hd 78,8
диски хендай hd 78,318
тент на hyundai hd 78,17
тент на хендай hd 78 купить,47
сальник ступицы задней hd 78,38
не работает спидометр хендай hd 78,40
диски на хундай hd120,6
масляный фильтр hd120,18
hd120 аккумулятор,36
hd120 генератор,46
акб hd120,25
датчик скорости hd120,5
запчасти для хундай hd120,26
запчасти на хундай hd120,26
задний мост hd120,36
генератор hd120,46
мост задний hd120,36
хундай hd120 на запчасти,26
крестовина hd120,11
hyundai hd120 двигатель,24
hyundai hd120 каталог,16
hyundai hd120 кпп,49
hyundai hd120 крестовина,4
hyundai hd120 руководство по ремонту каталог деталей,0
стартер hd120,38
масляный фильтр hyundai hd120,2
топливный фильтр hd120,37
стремянка hd120,8
hd120 двигатель,118
hd120 запчасти,125
hd120 кпп,147
hd120 на запчасти,125
hd120 полный привод,0
hd120 стартер,38
hd120 тормоза,70
hd120 тормозной цилиндр задний,7
hd120 фильтр топливный,37
купить запчасти для хундай hd120,5
бампер передний hd120,0
фильтр hyundai hd120 масляный,2
фильтр масляный hyundai hd120,2
фильтр топливный hyundai hd120,8
турбина hd120,7
щетка стеклоочистителя hd120,7
спойлер hyundai hd120,6
пневмоусилитель кпп hd120,5
сцепление hd120,109
подшипник передней ступицы hd120,10
подшипник подвесной hd120,6
шины hyundai hd120,4
противотуманки хундай hd120,0
коврики на hyundai hd120,0
передний бампер hd120,0
усилитель тормозов hd120,0
спидометр hd120,22
колодки тормозные hd120,29
стекло фары hd120,0
ремкомплект пгу hd120,6
пгу тормозов hd120,11
маховик hd120,0
корзина сцепления hd120,21
распылитель форсунки hd120 d6da,3
подушка кабины hd120,2
рессора hd120 передняя,42
кронштейн рессоры hd120,7
принцип работы горного тормоза hd120,0
коробка отбора мощности на хундай hd120,0
хундай hd120 шины,4
барабан тормозной задний hyundai hd120,0
датчик ручника hd120,0
запчасти на hd120,125
запчасти на хендай hd120,15
тяга рулевая hd120,7
фара левая hd120,2
фара на хундай hd120,0
компрессор hd120,14
кпп hyundai hd120,49
запчасти hyundai hd120,69
hyundai hd 120 запчасти,71
хендай hd 120 запчасти,68
hd 120 hyundai запчасти,71
hd 120 аккумулятор,58
hd 120 кабина,150
аккумулятор хендай hd 120,27
панель приборов хендай hd 120,25
hd 120 каталог запчастей,39
hd 120 запчасти,167
запчасти на hyundai hd 120,71
запчасти на хендай hd 120 москве,10
запчасти на hd 120,167
шины на hd 120,34
hd 120 шины,34
hd 120 топливный фильтр,20
hyundai hd 120 шины,19
hd 120 фильтр топливный,20
hd 120 крыло заднее,0
запчасти хендай hd 120 в москве,10
пневмоподвеска на хендай hd 120,0
радиатор охлаждения hd 120,4
передняя рессора хендай hd 120,10
кабина hyundai hd 120,33
регулировка клапанов hyundai hd 120,7
регулировка клапанов hd 120,18
резина на хендай hd 120,6
задняя рессора hd 120,32
запчасти для hyundai hd 120,71
карданный вал хендай hd 120,3
купить запчасти на hd 120,2
фильтр масляный хендай hd 120,12
спойлер для хендай hd 120,13
спойлер на hyundai hd 120,3
шины на хендай hd 120,4
шины hyundai hd 120,19
коробка передач hd 120,10
каталог запчастей hyundai hd 120,20
хендай hd 120 фильтр масляный,12
форсунка hd 120,39
форсунки hyundai hd 120,0
крестовина hyundai hd 120,1
крестовина карданного вала hyundai hd 120,1
крестовина карданного вала хендай hd 120,0
hyundai hd 120 аккумулятор,4
hyundai hd 120 амортизатор передний,4
hyundai hd 120 блок предохранителей,2
hyundai hd 120 воздушный фильтр,5
hyundai hd 120 двигатель,36
hyundai hd 120 двухрядная кабина,0
hyundai hd 120 диск сцепления,1
hyundai hd 120 задний фонарь,6
hyundai hd 120 зеркало,9
hyundai hd 120 коробка передач,1
hyundai hd 120 крестовина,1
hyundai hd 120 масло в кпп,6
hyundai hd 120 объем бака,0
hyundai hd 120 панель приборов,1
hyundai hd 120 печка,12
hyundai hd 120 предохранители,8
hyundai hd 120 радиатор,14
hyundai hd 120 размер шин,4
hyundai hd 120 спойлер,3
hyundai hd 120 фара,11
hyundai hd 120 фильтра,37
hyundai hd 120 фильтр топливный,11
головка лазерная sf hd65,4
hd65 диск,91
hd65 двигатель,65
лазерная головка sf hd65,4
крестовина hd65,6
hyundai hd65 диски,37
hyundai hd65 стартер,2
hyundai hd65 фильтра,50
стартер hd65,5
масляный фильтр hyundai hd65,7
топливный фильтр hd65,55
hd65 колодки передние,11
hd65 крестовина,6
hd65 передняя рессора,12
hd65 рабочий цилиндр сцепления,12
hd65 шины,28
шины на хендай hd 65,18
hyundai hd 65 каталог запчастей,3
hd 65 hyundai каталог запчастей,3
диск колесный hd 65,14
каталог запчастей hyundai hd 65,3
ремонт кпп хундай hd 65,0
колесный диск hd 65,14
hyundai hd 65 колеса,4
hyundai hd 65 ремонт кпп,7
hd 65 hyundai запчасти,35
акб на хендай hd 65,1
купить кабину на хендай hd 65,0
рессоры на hd 65,42
запчасти hyundai hd 65,35
запчасти hd 65 hyundai,35
маслоохладитель hd 65,0
диски хендай hd 65,38
колеса hyundai hd 65,4
хендай hd 65 двигатель,50
хендай hd 65 запчасти,45
хендай hd 65 размер резины,1
хендай hd 65 шины,18
форсунка хендай hd 65,25
форсунки hd 65,43
форсунки хендай hd 65,25
крестовина карданного вала hd 65,4
крестовина карданного вала хендай hd 65,0
hyundai hd 65 бортовой с тентом,0
hyundai hd 65 воздушный фильтр,3
hyundai hd 65 двигатель характеристики,0
hyundai hd 65 двойная кабина,0
hyundai hd 65 двойная кабина купить,0
hyundai hd 65 диски,13
hyundai hd 65 кабина,15
hyundai hd 65 каталог,20
hyundai hd 65 кпп,16
hyundai hd 65 номер рамы,0
hyundai hd 65 нужен ли тахограф,0
сцепление hyundai hd 45,0
расходники hd35,1
двигатель hd35,12
запчасти для hd35,10
hyundai hd 35 запчасти,3
hyundai hd 170 запчасти,4
hyundai запчасти hd 72,63
запчасти hd 72 hyundai,63
hyundai hd 72 запчасти,63
72 hd hyundai запчасти,63
hyundai hd запчасти,912
hd hyundai запчасти,912
запчасти hd hyundai,912
hyundai 170 hd запчасти,4
hd 170 запчасти hyundai,4
запчасти hyundai hd 170,4
hyundai hd 500 запчасти,9
запчасти hyundai hd 500,9
фара левая hyundai hd 78,1
hyundai hd 270 запчасти,5
hyundai hd 500 каталог запчастей,1
hyundai hd 500 каталог,16
hd запчасти хендай,1449
запчасти хендай hd,1449
хендай hd запчасти,1449
хендай hd 72 турбина,73
запчасти хендай hd 72 в екатеринбурге,1
как развести колодки на хендай hd 72,11
хендай hd 72 запчасти,99
hd 72 хендай размер шин,8
аккумулятор для хендай hd 72,84
запчасти хендай hd 72 в туле,0
ремонт двигателя хендай hd 72 цены,0
хендай hd 78 объем топливного бака,31
хендай hd 78 диски,318
резина для хендай hd 78,189
хендай hd 78 не работает спидометр,40
хендай hd 78 аккумулятор,250
хендай hd 78 блок предохранителей,88
размер шин хендай hd 72,8
хендай hd 78 зеркало,76
хендай hd 78 колеса,226
хендай 78 hd блок предохранителей,88
хендай hd 78 масляный фильтр,63
прокачка тормозов на хендай hd 78,13
противотуманная фара хендай hd 78,39
радиатор печки хендай hd 78,45
радиатор печки хендай hd 72 цена,0
рулевой редуктор хендай hd 78 регулировка,3
подшипник подвесной на хендай hd 78,110
реле свечи накала на хендай hd 78,32
аккумуляторы на хендай hd 78,250
поворотник на хендай hd 78,43
аккумулятор на хендай hd 78 купить,18
помпа на хендай hd 72,13
акб хендай hd 78,89
акб для хендай hd 72,6
рулевая колонка хендай hd 78,6
ремонт двигателя хендай hd 78,21
ремонт кпп хендай hd 78 своими руками,3
hd 72 хендай предохранители,123
как правильно прокачать тормоза на хендай hd 72,0
запчасти хундай hd 72,50
регулировка клапанов хундай hd 72,5
купить шины на хундай hd 78,0
шины для хундай hd 72 ханкук,0
хундай hd 450 запчасти,0
хундай hd 72 запчасти,50
форсунки хундай hd 78,6
стартер хундай hd 72,9
hd 170 хундай запчасти,5
аккумулятор на хундай hd 72,11
аккумуляторы на хундай hd 78,6
аккумуляторы хундай hd 72,11
автозапчасти хундай hd 120,0
купить бескамерные диски lemmerz на хундай hd 78,0
фильтра на хундай hd 120,5
фильтр масляный на хундай hd 78,1
фильтр масляный хундай грузовик hd 120,0
фильтр салона хундай hd,5
фильтр салона хундай hd 72,1
фильтр салона хундай hd 78,1
купить шины на хундай hd 72,0
купить щиток приборов на хундай hd 65,0
тнвд хундай hd 72,3
ремонт двигателя хундай hd 72 москве,0
ремонт кпп хундай hd,3
фары хундай hd 78,5
продажа глушителя на хундай hd 72,0
шины для хундай hd 78,6
шины на хундай hd 65,3
шины на хундай hd 72,2
шины на хундай hd 78,6
противотуманки на хундай hd,6
противотуманные фары на хундай hd 72,0
передняя ступица хундай hd 78,6
каталог хундай hd 270,2
лобовое стекло хундай hd 120,0
на хундай hd 72 резина,4
размер шин на хундай hd 72,2
купить резину на хундай hd 78,0
рессора на хундай hd 170,0
обтекатель на хундай hd 78 дакар,0
подвесной подшипник хундай hd 72,2
скрипит кабина хундай hd 78,0
купить недорогой обтекатель на хундай hd 120,0
коробка передач хундай hd 72,0
резина на хундай hd 65,5
резина на хундай hd 78,1
каталог запчастей хундай hd 72,0
хундай hd полный привод,0
хундай hd запчасти,119
хундай hd 78 фильтр топливный,3
хундай hd 78 печка,29
хундай hd 78 каталог запчастей,0
хундай hd 78 запчасти в самаре,0
хундай hd 78 замена отопителя фильтр отопителя,0
хундай hd 72 регулировка клапанов,5
хундай hd 72 на запчасти,50
хундай hd 72 кпп,17
хундай hd 72 колдун,0
хундай hd 72 диск сцепления,2
хундай hd 65 нужен ли тахограф,0
хундай hd 65 двигатель d4al отзывы,0
хундай hd 170 тнвд,0
хундай hd 170 запчасти,5
хундай hd 120 ресурс двигателя,0
хундай hd 120 радиатор,6
хундай hd 120 запчасти,3
хундай hd 120 ассенизатор,0
объем бака хундай hd 78,8
купить спойлер на хундай hd 120,0
кабина хундай hd,65
кабина хундай hd 78,21
датчик уровня топлива хундай hd 78,0
запчасти для хундай hd,119
запчасти для хундай hd 72,50
запчасти на hd 72 хундай,50
запчасти на хундай 270 hd,23
запчасти на хундай hd,119
запчасти на хундай hd 120,3
запчасти на хундай hd 250,0
запчасти на хундай hd 270,23
запчасти на хундай hd 500,2
запчасти на хундай hd 65,0
запчасти на хундай hd 72,50
запчасти на хундай hd 720,0
запчасти на хундай hd 78,13
запчасти на хундай hd 78 разборка,0
запчасти оптом хундай hd,1
запчасти хундай hd 120,3
запчасти хундай hd 170,5
запчасти хундай hd 250,0
запчасти хундай hd 72 спб,2
запчасти хундай hd 78 москва,0
запчасти хундай hd пенза,0
стекло лобовое хундай hd 120,0
как прокачать тормоза на хундай hd 78,2
двигатель хундай hd,138
двигатель хундай hd 65 d4al,0
колеса на хундай hd 78,9
ступица передняя хундай hd 78,6
колесные диски хундай hd 72,0
не работает спидометр на хундай hd 78,2
код ошибка эбу p0225 хундай hd 78,0
наклейки на хундай hd,1
кпп на хундай hd 72,17
кпп хундай hd 78,18
зазоры клапанов хундай hd 72,0
запасные части хундай hd 78,0
воздушный фильтр хундай hd 78,5
где номер рамы на хундай hd 72,1
карданный вал хундай hd 78,1
как подключить магнитолу на хундай hd 78,0
диски на хундай hd 78,6
диски хундай hd 78,6
электронный блок на хундай hd 78,0
рассеиватель заднего фонаря на хундай hd 65 в москве,0
хундай hd 78 двигатель,25
запасные части хундай hd 270 владивосток,0
продажа форсунок на хундай hd 78,0
купить топливный бак на хундай hd 65,0
хундай hd 78 запчасти,13
двигатель для хундай hd купить,5
спойлер на хундай hd 78,2
хундай hd 78 бак топливный,8
электро стеклоподъемники хундай hd 65 72 78,0
аккумуляторы на хундай hd 65,0
диски колёсные для для хундай hd 65,5
каталог запчастей хундай hd 72 подкрылки задние,0
колпак двигателя хундай hd,0
магазины запчастей на грузовой хундай hd 65 в уфе,0
коробка отбора мощности на хундай hd 120,3
фары противотуманные хундай hd 62,0
купить двигатель на хундай hd 72,2
б/у запчасти на хундай hd 78,
заказать генератор на хундай hd 65,0
подушка опоры радиатора хундай hd 120,0
подвеска хундай hd 78,0
резина хундай hd 78,1
где отремонтировать тнвд на хундай hd 72,0
как установить диск сцепления valeo на хундай hd 120,0
как крепится запаска на хундай hd 72,0
датчик скорости хундай hd 78,0
запчасти для хундай hd 72 в самаре,0
запчасти для хундай hd 78 новосибирск,0
запчасти на хундай hd 78 в волгограде,1
запчасти хундай hd 78 на трассе м 4 дон,
запчасти хундай hd 78,13
запчасти хундай hd 72 украина,0
запчасти на грузовики хундай hd 120 в казани,0
редуктор заднего моста хундай hd,3
поиск запчасти хундай hd 72,0
фото кузова на раме хундай hd 72,0
прайс цен на запчасти хундай hd 65 в украине,0
подножка левая пластмассовая на хундай hd 72,0
ремонт двигателя хундай hd 120 cnjbvjcnm,0
запчасти hd78,449
запчасти на хундай hd78,64
запчасти для hyundai hd78,47
каталог запчастей hd78,45
запчасти для хендай hd78,20
запчасти на hd78 купить,14
хундай hd78 запчасти купить,8
запчасти на кпп хендай hd78,6
запчасти хендай hd78 мкад 32 км тяга,6
каталог запчастей на хундай hd78,6
запчасти на хундай hd78 в москве,6
запчасти хундай hd78 красноярск,5
кран манипулятор 7857y4 хендэ hd78 запчасти,5
купить запчасти к хендай hd78,3
резина 7 50 16 на хендай hd 78,10
зеркало боковое hyundai hd 78 купить,5
hyundai hd 78 рессоры задние,25
корпус масляного фильтра hyundai hd 78 d4ga,2
втягивающее реле стартера хундай hd 78,12
фильтр hyundai hd 78,148
диск колесный hd 78 7 5 16,6
диск колесный hd 78 r 17 5 турция,5
вин номер на раме хендай hd 78,7
рулевой редуктор hyundai hd 78,7
хендай hd 78 размеры колес,8
хендай hd 78 углы установки колес,6
противотуманные фары hd 78,91
топливный бак хендай hd 78 200 литров,8
подшипник ступицы hd 78 передний,49
купить ремкомплект главного тормозного цилиндра hd 78,2
купить кабину хендай hd 78 бу,13
датчик скорости hyundai hd 78 d4dd,5
рулевой наконечник хендай hd 78,16
как отрегулировать троса кпп на хендай hd120,6
шкворень hd120,12
не прокручивается двигатель хендай hd 120,7
лист задн рессоры подкоренной hd72 78 mobis,5
фланец кпп hd72,12
диски hd72,75
трубка подачи антифриза турбины d4al hd72 hyundai,5
купить дверь на hd72 левую,2
дверь hd72 купить,2
как закрепить аккумулятор на hd72,6
hyundai hd 72 генератор,32
ступенька кабины хундай hd 72,5
рессоры hd 72,99
рессора хендай hd 72,48
hyundai hd 72 вакуумный усилитель сцепления,5
фары hd 72,63
шкворня hd 72,53
купить колеса на хендай hd 72,13
регулировка ручника хендай hd 72,11
хендай hd 72 ручник держит одна сторона,5
фильтр масляный hd65 72 78,8
запчасти бу hyundai hd,38
запчасти на hyundai elantra hd,30
бу запчасти на hyundai elantra iv hd,24
магазин запчастей hyundai hd,13
интернет запчасти hyundai hd,10
запчасти разборки hyundai hd,9
запчасти авторазборки hyundai hd,9
каталог запчастей hyundai elantra hd,8
продажа запчастей hyundai hd,8
кузовные запчасти для иномарок hyundai hd,8
автомагазин запчастей hyundai hd,7
каталог запчастей для hyundai elantra hd j4,6
старые запчасти hyundai hd,6
авто запчасти hyundai hd,6
спортивные запчасти hyundai hd,5
где купить запчасти hyundai hd,5
фирмы запчастей hyundai hd,5
интернет магазин запчастей hyundai hd,5
найти запчасть hyundai hd,5
контрактные запчасти hyundai hd,5
поставка запчастей hyundai hd,5
подбор запчастей hyundai hd,5
рынок запчастей hyundai hd,5
автокаталог запчастей hyundai hd,5
hyundai elantra hd двигатель,107
регулировка двигателя hyundai hd,12
техобслуживание двигателя hyundai hd,8
hyundai elantra hd двигатель 1 6,8
авторазборка двигателя hyundai hd,6
разборка двигателя hyundai hd,6
форсунка топливная hyundai hd 250 двигатель d8ay,6
регулировка клапанов двигателя hyundai hd,5
масляный фильтр hyundai elantra hd,17
салонный фильтр hyundai elantra hd,16
топливный фильтр hyundai elantra hd,12
замена салонного фильтра hyundai elantra hd,9
замена топливного фильтра hyundai elantra hd,7
замена масла hyundai elantra hd,52
замена масла в акпп hyundai elantra hd,20
масло для hyundai elantra hd,15
замена масла в мкпп hyundai elantra hd,10
hyundai elantra hd диски,62
тормозные диски hyundai elantra hd,5
сцепление hyundai elantra hd,141
замена сцепления hyundai elantra hd,75
hyundai elantra hd 2008 замена сцепления,19
регулировка сцепления hyundai hd,17
шток рабочего цилиндра сцепления hyundai elantra hd,9
hyundai elantra hd регулировка сцепления,8
замена сцепления valeo hyundai elantra hd развалилось,7
hyundai elantra hd прокачка сцепления,5
дверь hyundai elantra hd,103
разборка двери hyundai hd,10
дверь передняя левая hyundai elantra hd,10
регулировка дверей hyundai hd,7
покраска дверей hyundai hd,5
фары hyundai hd,238
фара hyundai elantra hd,114
противотуманные фары hyundai elantra hd,21
регулировка фар hyundai hd,15
авторазборка фары hyundai hd,9
разборка фары hyundai hd,9
куплю фары sonar hyundai elantra iv hd,6
ремонт фар hyundai hd,6
снять фару hyundai elantra hd,2
каталог запасных hyundai hd,15
каталог деталей hyundai hd,7
каталог запасных частей hyundai hd,7
куплю автозапчасти hyundai hd,13
автозапчасти бу hyundai hd,12
магазин автозапчастей hyundai hd,10
продажа автозапчастей hyundai hd,8
объявления автозапчасти hyundai hd,7
автомобильные автозапчасти hyundai hd,7
найти автозапчасть hyundai hd,6
авто автозапчасти hyundai hd,6
подбор автозапчастей hyundai hd,6
новые автозапчасти hyundai hd,6
доставка автозапчастей hyundai hd,5
цены на автозапчасти hyundai hd,5
кузовные автозапчасти hyundai hd,5
интернет магазин автозапчастей hyundai hd,5
онлайн автозапчасти hyundai hd,5
комплектующие автозапчасти hyundai hd,5
hyundai elantra hd шины,20
аккумулятор на hyundai elantra hd,15
ремонт аккумуляторов hyundai hd,9
колодки hyundai elantra hd,54
тормозные колодки hyundai elantra hd,27
замена колодок hyundai elantra hd j4,9
колодки ручника hyundai elantra hd,8
замена колодок ручника на hyundai elantra hd,4
hyundai elantra hd предохранители,33
регулировка тормозов hyundai hd,17
ремонт тормозов hyundai hd,6
замена стояночного тормоза hyundai elantra hd j4,2
рессора hyundai hd,150
рулевая рейка hyundai elantra hd,39
рулевая рейка hyundai elantra hd j4,15
решетка радиатора hyundai elantra hd,28
тюнинг решетка радиатора hyundai elantra iv hd,13
ремонт радиаторов hyundai hd,7
hyundai elantra hd j4 решетка радиатора тюнинг,2
стекло лобовое hyundai elantra hd,31
лобовое стекло hyundai elantra avante hd j4,5
генератор hyundai elantra hd,20
hyundai elantra hd ремень генератора,10
ремонт генератора hyundai elantra hd пермь,6
диагностика акпп hyundai hd,5
джойстик зеркал hyundai elantra hd фото,16
бампер hyundai elantra hd,41
бампер передний hyundai elantra hd,18
hyundai elantra hd 2006 2011 бампер передний,3
бампер передний hyundai elantra 4 hd,2
hyundai elantra hd свечи зажигания,18
hyundai hd 72 реле свечей накала,10
разборка сидений hyundai hd,8
капот hyundai elantra hd,36
капот hyundai hd 270,5
замена цепи грм hyundai elantra hd,21
панель приборов для hyundai elantra hd,13
панель приборов supervision для hyundai elantra hd,13
ремонт лобового hyundai hd,15
амортизаторы hyundai elantra hd,33
задний амортизатор hyundai elantra hd,16
стойка амортизатора передняя hyundai elantra hd,7
глушитель hyundai elantra hd,10
hyundai hd 120 d6da глушитель,8
гофра глушителя hyundai elantra hd,5
тнвд ремонт hyundai hd,6
ремонт стеклоподъемника hyundai elantra hd 2010г в,12
кнопка стеклоподъемника hyundai elantra hd,10
чехлы hyundai elantra hd,15
антифриз hyundai elantra hd,8
ремонт стартера hyundai elantra j4 hd,13
форсунка топливная hyundai hd 250,11
ремонт дисковых hyundai hd,6
какое масло в хендай элантра hd,109
масло акпп хендай элантра hd,80
масло для хендай элантра hd,59
замена масла в акпп хендай элантра hd,40
хендай элантра hd давление масла,19
хендай элантра hd жрет масло,8
масло kixx для хендай элантра hd,7
объем масла в акпп хендай элантра hd,5
моторное масло для хендай элантра hd,5
оригинальное масло для мкпп хендай элантра hd,5
предохранители хендай элантра hd,103
схема предохранителей хендай элантра hd,15
блок предохранителей хендай элантра hd,10
хендай элантра 4 hd предохранители,9
печка дует холодным воздухом хендай элантра hd,13
замена радиатора печки хендай элантра hd,6
двери хендай элантра hd,163
ручка двери хендай элантра hd,38
окраска дверей хендай hd,7
ремонт ограничителя двери хендай элантра hd,7
сцепление хендай элантра hd,96
замена сцепления на хендай элантра hd,15
сцепление на хендай элантра hd цена,8
комплект сцепления хендай элантра hd,6
ремонт стартеров хендай hd,20
хендай элантра 4 hd как снять стартер,17
стартер для хендай элантра hd,13
стартер хендай элантра hd 2010,7
тяговое реле стартера хендай элантра hd 2010г,5
куплю автозапчасти хендай hd,13
интернет автозапчасти хендай hd,12
битые автозапчасти хендай hd,9
продажа автозапчастей хендай hd,9
поставка автозапчастей хендай hd,8
спортивные автозапчасти хендай hd,7
стоимость автозапчастей хендай hd,7
рынок автозапчастей хендай hd,7
автозапчасти ремонт хендай hd,7
кузовные автозапчасти хендай hd,7
автозапчасти бу хендай hd,6
контрактные автозапчасти хендай hd,6
коды автозапчастей хендай hd,6
заказать автозапчасти хендай hd,6
где купить автозапчасти хендай hd,6
цены на автозапчасти хендай hd,6
онлайн автозапчасти хендай hd,6
автозапчасти кузова хендай hd,6
интернет магазин автозапчастей хендай hd,5
аккумулятор для хендай элантра hd,33
размер аккумулятора хендай элантра hd,10
каталог хендай элантра hd,19
каталог запчастей хендай элантра hd,9
запчасти для хендай элантра hd,43
интернет запчасти хендай hd,13
запчасти на хендай элантра 2008 hd,11
стоимость запчастей хендай hd,9
кузовные запчасти хендай элантра hd,9
старые запчасти хендай hd,8
где купить запчасти хендай hd,8
поставка запчастей хендай hd,8
битые запчасти хендай hd,8
контрактные запчасти хендай hd,7
запчасти ремонт хендай hd,7
запчасти авторазборки хендай hd,7
рынок запчастей хендай hd,7
автомобильные запчасти хендай hd,7
подбор запчастей хендай hd,7
продажа запчастей хендай hd,7
б у запчасти для хендай элантра hd,7
запчасти для хендай элантра hd 2005,7
поиск запчастей хендай hd,6
объявления запчасти хендай hd,6
цены на запчасти хендай hd,6
коды запчастей хендай элантра hd,5
топливный бак хендай элантра hd,38
авито топливный бак на хендай элантра hd,7
хендай элантра hd чехлы для сидений,6
панель приборов супервижн хендай элантра hd,13
запасное колесо хендай hd,14
размер колес хендай элантра hd,8
хендай элантра hd разболтовка колес,6
плавающий сайлентблок хендай элантра hd,25
замена сайлентблоков передних рычагов хендай элантра hd,17
замена плавающих сайлентблоков хендай элантра hd,10
замена сайлентблоков задней подвески хендай элантра hd,8
фильтр масляный хендай элантра hd,35
акб для хендай элантра hd,9
лобовое стекло хендай элантра hd,63
форсунки омывателя лобового стекла хендай элантра hd,19
лобовое стекло хендай элантра hd тюмень,7
замена лобового стекла на хендай элантра hd,5
спойлер хендай элантра hd,15
кабины на хендай hd,112
воздушный фильтр хендай элантра hd,35
купить двигатель на хендай элантра hd,26
интернет магазин хендай hd,23
магазин онлайн хендай hd,8
адрес магазина хендай hd,7
магазин деталей хендай hd,7
компрессор кондиционера хендай элантра hd,14
стойки стабилизатора хендай элантра hd,57
стойки стабилизатора передние хендай элантра hd,19
втулки стабилизатора хендай элантра hd,15
регулировка клапанов хендай элантра hd,17
порядок регулировки клапанов хендай hd,13
регулировка клапанов хендай элантра hd в екатеринбурге,6
противотуманки хендай элантра hd,27
автомагазин онлайн хендай hd,10
автомагазин деталей хендай hd,9
интернет автомагазин хендай hd,9
ремонт рулевой рейки хендай элантра hd,33
гофра глушителя хендай элантра hd,28
гофра глушителя хендай элантра hd цена,8
регулировка фар хендай элантра hd,11
ремонт блока цилиндров хендай hd,5
крышка багажника хендай элантра hd,21
регулировка рулевой рейки хендай hd,10
запчасти на грузовик hyundai hd78,5
хендай hd78 запчасти в ставрополе,6
диск hd78,200
диск колесный бескамерный 16 hyundai hd78,9
ремонт кпп хендай hd78 свердловской области,9
хундай hd78 предохранители,33
топливный фильтр хендай hd 78,152
хендай hd 78 фильтра,374
корзина сцепления на хундай hd120,14
корзина сцепления на хундай hd120 в иркутске,7
накладка тормозной колодки hyundai hd120 шир 160мм,6
стакан форсунки хендай hd 120,7